index,title,last_name,first_name,date,translation/adaptation/contrastive,num_acts,url,num_present_characters,num_scenes_text,num_scenes_iarkho,speech_distribution,percentage_monologues,percentage_duologues,percentage_non_duologues,percentage_above_two_speakers,av_percentage_non_speakers,sigma_iarkho,number_scenes_with_discontinuous_change_characters,percentage_scenes_with_discontinuous_change_characters,total_utterances,num_verse_lines,dialogue_vivacity,five_year_intervals,decades
F_3,Mélite ou Les fausses lettres,Corneille,Pierre,1629,0,5,http://www.theatre-classique.fr/pages/documents/CORNEILLEP_MELITE33.xml,8,35,39,"[[ 1 12]
 [ 2 18]
 [ 3  7]
 [ 4  1]
 [ 5  1]]",30.77,46.15,53.85,23.08,0.513,0.906,12,30.769,483,1822,0.265,1630,1630
F_5,La Veuve ou Le Traître trahi        ,Corneille,Pierre,1633,0,5,http://www.theatre-classique.fr/pages/documents/CORNEILLEP_VEUVE34.xml,12,40,45,"[[ 1 13]
 [ 2 23]
 [ 3  5]
 [ 4  2]
 [ 5  1]
 [ 6  1]]",28.89,51.11,48.89,20.0,3.519,1.062,12,26.667,521,2010,0.259,1635,1640
F_9,La Célimène,Rotrou,Jean de,1633,0,5,http://www.xn--thtre-documentation-cvb0m.com/content/r-0?q=node/462,10,36,45,"[[ 0  2]
 [ 1 15]
 [ 2 18]
 [ 3  7]
 [ 4  2]
 [ 6  1]]",33.33,40.0,60.0,22.22,8.963,1.092,5,11.111,,,,1635,1640
F_18,La Belle Alphrède,Rotrou,Jean,1634,1,5,http://www.theatre-classique.fr/pages/documents/ROTROU_BELLEALPHREDE.xml,23,36,45,"[[ 0  1]
 [ 1  9]
 [ 2 19]
 [ 3  9]
 [ 4  2]
 [ 5  2]
 [ 6  3]]",20.0,42.22,57.78,35.56,26.758,1.391,10,22.222,338,1976,0.171,1635,1640
F_11,La Galerie du Palais,Corneille,Pierre,1634,0,5,http://www.theatre-classique.fr/pages/documents/CORNEILLEP_GALERIEDUPALAIS.xml,12,53,53,"[[ 1  7]
 [ 2 33]
 [ 3  7]
 [ 4  3]
 [ 5  1]
 [ 6  1]
 [ 7  1]]",13.21,62.26,37.74,24.53,0.0,1.148,10,18.868,517,1794,0.288,1635,1640
F_12,La Suivante,Corneille,Pierre,1634,0,5,http://www.theatre-classique.fr/pages/documents/CORNEILLEP_SUIVANTE.xml,10,47,47,"[[ 1 15]
 [ 2 27]
 [ 3  4]
 [ 5  1]]",31.91,57.45,42.55,10.64,0.0,0.753,11,23.404,410,1700,0.241,1635,1640
F_7,Les Vendanges de suresnes       ,du Ryer,Pierre,1635,0,5,http://www.theatre-classique.fr/pages/documents/DURYER_VENDANGESDESURESNES.xml,11,36,39,"[[ 1  3]
 [ 2 19]
 [ 3 10]
 [ 4  3]
 [ 5  2]
 [ 6  1]
 [ 9  1]]",7.69,48.72,51.28,43.59,1.923,1.476,13,33.333,589,1837,0.321,1635,1640
F_8,Le Fils Supposé,Scudery,Georges de ,1635,0,5,http://www.theatre-classique.fr/pages/documents/SCUDERY_FILSSUPPOSE.xml,10,33,33,"[[ 1  9]
 [ 2 14]
 [ 3  5]
 [ 4  3]
 [ 6  1]
 [ 9  1]]",27.27,42.42,57.58,30.3,6.493,1.613,15,45.455,288,1502,0.192,1635,1640
F_13,La Place Royale,Corneille ,Pierre,1635,0,5,http://www.theatre-classique.fr/pages/documents/CORNEILLEP_PLACEROYALE.xml,8,36,38,"[[ 1 12]
 [ 2 21]
 [ 3  4]
 [ 5  1]]",31.58,55.26,44.74,13.16,1.316,0.8,10,26.316,274,1529,0.179,1635,1640
F_17,L'Illusion comique,Corneille,Pierre,1636,0,5,http://www.theatre-classique.fr/pages/documents/CORNEILLEP_ILLUSIONCOMIQUE.xml,14,39,41,"[[ 1  8]
 [ 2 22]
 [ 3  8]
 [ 4  3]]",19.51,53.66,46.34,26.83,2.276,0.813,10,24.39,422,1688,0.25,1640,1640
F_15,Le Railleur,Mareschal,André,1636,0,5,http://www.theatre-classique.fr/pages/documents/MARESCHALA_RAILLEUR.xml,8,26,34,"[[ 1  7]
 [ 2 11]
 [ 3  8]
 [ 4  4]
 [ 5  2]
 [ 6  1]
 [ 7  1]]",20.59,32.35,67.65,47.06,4.167,1.466,9,26.471,509,1690,0.301,1640,1640
F_16,Les Sosies,Rotrou,Jean,1636,1,5,http://www.theatre-classique.fr/pages/documents/ROTROU_SOSIES.xml,10,25,29,"[[ 1 10]
 [ 2 10]
 [ 3  3]
 [ 4  2]
 [ 5  3]
 [ 6  1]]",34.48,34.48,65.52,31.03,10.427,1.445,6,20.69,603,1813,0.333,1640,1640
F_10,L'Avocat dupé,Chevreau,Urbain ,1637,0,5,http://www.theatre-classique.fr/pages/documents/CHEVREAU_AVOCATDUPE.xml,9,28,30,"[[ 1  7]
 [ 2 13]
 [ 3  6]
 [ 4  2]
 [ 5  1]
 [ 6  1]]",23.33,43.33,56.67,33.33,2.889,1.193,13,43.333,290,1660,0.175,1640,1640
F_14,Les Visionnaires,Desmarets de Saint-Sorlin,Jean,1637,0,5,http://www.theatre-classique.fr/pages/documents/DESMARETS_VISIONNAIRES.xml,9,34,34,"[[ 1  5]
 [ 2 16]
 [ 3  9]
 [ 4  4]]",14.71,47.06,52.94,38.24,9.014,0.871,4,11.765,593,2023,0.293,1640,1640
F_20,Les Captifs,Rotrou,Jean,1638,1,5,http://www.theatre-classique.fr/pages/documents/ROTROU_CAPTIFS.xml,19,35,38,"[[ 1  9]
 [ 2 16]
 [ 3  4]
 [ 4  5]
 [ 5  2]
 [ 6  1]
 [ 7  1]]",23.68,42.11,57.89,34.21,12.975,1.464,9,23.684,457,1860,0.246,1640,1640
F_103,Les Noces de Vaugirard,L. C. D.,,1638,0,5,http://www.theatre-classique.fr/pages/documents/DISCRET_NOCESDEVAUGIRARD.xml,16,25,29,"[[ 1  9]
 [ 2 11]
 [ 3  4]
 [ 4  1]
 [ 5  1]
 [ 8  2]
 [ 9  1]]",31.03,37.93,62.07,31.03,2.931,2.154,16,55.172,604,2040,0.296,1640,1640
F_2,Dom Quixote de la Manche ,Guérin de Bouscal,Guyon,1639,0,5,,15,19,19,"[[2 4]
 [3 3]
 [4 3]
 [5 4]
 [6 1]
 [7 1]
 [8 2]
 [9 1]]",0.0,21.05,78.95,78.95,7.425,2.135,2,10.526,,,,1640,1640
F_19,Le Véritable Capitan Matamore,Mareschal,André,1640,0,5,http://www.theatre-classique.fr/pages/documents/MARESCHALA_VERITABLECAPITAINEMATAMORE.xml,9,24,30,"[[ 1  4]
 [ 2  9]
 [ 3 10]
 [ 4  6]
 [ 7  1]]",13.33,30.0,70.0,56.67,3.194,1.23,1,3.333,898,1853,0.485,1640,1640
F_21,La Comédie de Francion,Gillet de la Tessonnerie,N.,1642,0,5,http://www.theatre-classique.fr/pages/documents/GILLET_FRANCION.xml,17,36,36,"[[ 1  4]
 [ 2 12]
 [ 3 15]
 [ 4  3]
 [ 5  1]
 [ 7  1]]",11.11,33.33,66.67,55.56,6.682,1.15,13,36.111,620,1865,0.332,1645,1650
F_22,Les Fausses vérités,Ouville ,Antoine d',1642,0,5,http://www.theatre-classique.fr/pages/documents/OUVILLE_FAUSSESVERITES.xml,10,43,53,"[[ 1  8]
 [ 2 22]
 [ 3 13]
 [ 4  6]
 [ 5  3]
 [ 6  1]]",15.09,41.51,58.49,43.4,9.575,1.158,13,24.528,652,1799,0.362,1645,1650
F_24,Le Menteur,Corneille,Pierre,1642,0,5,http://www.theatre-classique.fr/pages/documents/CORNEILLEP_MENTEUR.xml,10,36,40,"[[ 1  4]
 [ 2 24]
 [ 3  7]
 [ 4  3]
 [ 5  2]]",10.0,60.0,40.0,30.0,6.417,0.94,6,15.0,653,1804,0.362,1645,1650
F_308,L'Esprit folet,Ouville,Antoine d',1642,1,5,http://bibdramatique.huma-num.fr/xml/ouville_espritfolet.xml,8,33,39,"[[ 1  4]
 [ 2 13]
 [ 3 14]
 [ 4  5]
 [ 5  2]
 [ 6  1]]",10.26,33.33,66.67,56.41,7.912,1.12,8,20.513,603,2054,0.294,1645,1650
F_23,L'Absent chez soi,Ouville ,Antoine d',1643,0,5,http://www.theatre-classique.fr/pages/documents/OUVILLE_ABSENTCHEZSOI.xml,10,41,50,"[[ 1  1]
 [ 2 22]
 [ 3  9]
 [ 4 10]
 [ 5  5]
 [ 6  1]
 [ 7  1]
 [ 9  1]]",2.0,44.0,56.0,54.0,15.681,1.519,11,22.0,730,2040,0.358,1645,1650
F_25,La Suite du menteur,Corneille,Pierre,1643,0,5,http://www.theatre-classique.fr/pages/documents/CORNEILLEP_SUITEMENTEUR.xml,7,31,33,"[[ 1  2]
 [ 2 19]
 [ 3  8]
 [ 4  3]
 [ 5  1]]",6.06,57.58,42.42,36.36,8.333,0.856,4,12.121,651,1904,0.342,1645,1650
F_309,La Dame suivante,Ouville,Antoine d',1643,0,5,http://bibdramatique.huma-num.fr/xml/ouville_damesuivante.xml,11,42,52,"[[ 1  4]
 [ 2 26]
 [ 3 11]
 [ 4  8]
 [ 5  2]
 [ 6  1]]",7.69,50.0,50.0,42.31,36.163,1.075,0,0.0,694,2116,0.328,1645,1650
F_29,Jodelet ou Le Maître Valet,Scarron,Paul,1645,0,5,http://www.theatre-classique.fr/pages/documents/SCARRON_JODELET.xml,8,60,60,"[[ 1 16]
 [ 2 25]
 [ 3 14]
 [ 4  2]
 [ 5  2]
 [ 6  1]]",26.67,41.67,58.33,31.67,7.294,1.077,7,11.667,582,1857,0.313,1645,1650
F_28,La Soeur,Rotrou,Jean de,1645,1,5,http://www.xn--thtre-documentation-cvb0m.com/content/r-0?q=node/588,11,26,40,"[[ 1 10]
 [ 2 16]
 [ 3  9]
 [ 4  2]
 [ 5  1]
 [ 6  1]
 [ 8  1]]",25.0,40.0,60.0,35.0,5.694,1.428,7,17.5,,,,1645,1650
F_310,Jodelet astrologue,Ouville,Antoine d',1646,1,5,http://bibdramatique.huma-num.fr/xml/ouville_jodeletastrologue.xml,11,38,49,"[[ 1  5]
 [ 2 24]
 [ 3 15]
 [ 4  3]
 [ 5  1]
 [ 9  1]]",10.2,48.98,51.02,40.82,9.252,1.247,10,20.408,606,2219,0.273,1650,1650
F_26,Le Jodelet Duelliste,Scarron,Paul,1646,0,5,http://www.theatre-classique.fr/pages/documents/SCARRON_JODELETDUELISTE.xml,10,31,37,"[[ 1  6]
 [ 2 14]
 [ 3  9]
 [ 4  3]
 [ 5  3]
 [ 6  2]]",16.22,37.84,62.16,45.95,2.703,1.353,5,13.514,535,1808,0.296,1650,1650
F_31,Les Engagements du hasard,Corneille,Thomas,1647,0,5,http://www.xn--thtre-documentation-cvb0m.com/content/les-engagements-du-hasard-thomas-corneille,10,38,47,"[[ 1  6]
 [ 2 18]
 [ 3 12]
 [ 4  8]
 [ 5  1]
 [ 6  2]]",12.77,38.3,61.7,48.94,13.409,1.201,7,14.894,,,,1650,1650
F_27,Le Déniaisé        ,Gillet de la Tessonnerie,N.,1647,0,5,http://www.theatre-classique.fr/pages/documents/GILLET_DENIAISE.xml,13,33,35,"[[ 1  3]
 [ 2 18]
 [ 3  5]
 [ 4  4]
 [ 5  1]
 [ 6  1]
 [ 7  3]]",8.57,51.43,48.57,40.0,6.859,1.645,6,17.143,935,1930,0.484,1650,1650
F_36,Le Feint astrologue,Corneille,Thomas,1648,0,5,http://www.theatre-classique.fr/pages/documents/CORNEILLET_FEINTASTROLOGUE.xml,11,47,50,"[[ 1  8]
 [ 2 23]
 [ 3  7]
 [ 4  9]
 [ 5  3]]",16.0,46.0,54.0,38.0,10.057,1.136,6,12.0,723,1915,0.378,1650,1650
F_307,L'Intrigue des filous,L'Estoile,Claude,1648,0,5,http://bibdramatique.huma-num.fr/xml/estoile_intriguedesfilous.xml,10,31,46,"[[ 1 14]
 [ 2 19]
 [ 3  6]
 [ 4  6]
 [ 6  1]]",30.43,41.3,58.7,28.26,8.587,1.129,6,13.043,517,1934,0.267,1650,1650
F_30,L'Héritier ridicule ou la Dame intéressée,Scarron,Paul,1649,0,5,http://www.theatre-classique.fr/pages/documents/SCARRON_HERITIERRIDICULE.xml,9,19,21,"[[ 2 11]
 [ 3  7]
 [ 4  1]
 [ 5  2]]",0.0,52.38,47.62,47.62,11.111,0.933,1,4.762,585,1644,0.356,1650,1650
F_32,L'Aveugle clairvoyant,Brosse,Abraham,1649,0,5,http://www.theatre-classique.fr/pages/documents/BROSSE_AVEUGLECLAIRVOYANT.xml,8,33,33,"[[ 1  4]
 [ 2 18]
 [ 3  5]
 [ 4  3]
 [ 5  3]]",12.12,54.55,45.45,33.33,9.805,1.104,9,27.273,364,1693,0.215,1650,1650
F_35,La Jalouse d'elle-même ,Boisrobert,François Le Métel de,1649,0,5,,9,29,35,"[[ 1  1]
 [ 2 19]
 [ 3  6]
 [ 4  3]
 [ 5  3]
 [ 6  1]
 [ 7  1]
 [ 9  1]]",2.86,54.29,45.71,42.86,8.741,1.682,8,22.857,,,,1650,1650
F_33,Don Bertrand de Cigarral,Corneille,Thomas,1650,0,5,http://www.theatre-classique.fr/pages/documents/CORNEILLET_DOMBERTRANDECIGARRAL.xml,9,43,48,"[[ 1  1]
 [ 2 19]
 [ 3 10]
 [ 4 13]
 [ 5  3]
 [ 6  1]
 [ 9  1]]",2.08,39.58,60.42,58.33,12.569,1.384,2,4.167,881,1880,0.469,1650,1650
F_38,La Folle Gageure,Boisrobert,François Le Métel de,1651,0,5,,13,42,42,"[[ 1  3]
 [ 2 21]
 [ 3  8]
 [ 4  5]
 [ 5  3]
 [ 6  1]
 [ 7  1]]",7.14,50.0,50.0,42.86,13.035,1.319,7,16.667,,,,1655,1660
F_37,L'Amour à la mode        ,Corneille ,Thomas,1651,0,5,http://www.theatre-classique.fr/pages/documents/CORNEILLET_AMOURALAMODE.xml,10,42,44,"[[ 1  4]
 [ 2 22]
 [ 3 13]
 [ 4  1]
 [ 5  4]]",9.09,50.0,50.0,40.91,5.871,1.011,6,13.636,883,1900,0.465,1655,1660
F_39,Les trois Orontes,Boisrobert,François Le Métel de,1652,0,5,,11,26,29,"[[ 1  1]
 [ 2  3]
 [ 3 10]
 [ 4  9]
 [ 5  3]
 [ 6  1]
 [ 8  1]
 [ 9  1]]",3.45,10.34,89.66,86.21,8.851,1.641,2,6.897,,,,1655,1660
F_41,Don Japhet d'Arménie,Scarron,Paul,1652,0,5,http://www.theatre-classique.fr/pages/documents/SCARRON_DOMJAPHETDARMENIE.xml,18,28,30,"[[ 2 11]
 [ 3  8]
 [ 4  5]
 [ 5  2]
 [ 6  2]
 [ 9  2]]",0.0,36.67,63.33,63.33,9.508,1.875,5,16.667,664,1578,0.421,1655,1660
F_44,Les Illustres fous,Beys,Charles de ,1652,0,5,,19,30,44,"[[ 1  4]
 [ 2 17]
 [ 3 12]
 [ 4  8]
 [ 5  1]
 [ 8  1]
 [ 9  1]]",9.09,38.64,61.36,52.27,13.295,1.549,6,13.636,,,,1655,1660
F_43,Les Rivales,Quinault ,Philippe,1653,0,5,http://www.xn--thtre-documentation-cvb0m.com/content/q-0?q=node/641,9,34,35,"[[ 1  5]
 [ 2 16]
 [ 3 10]
 [ 4  2]
 [ 6  1]
 [ 7  1]]",14.29,45.71,54.29,40.0,6.0,1.251,3,8.571,,,,1655,1660
F_58,Le Charme de la voix,Corneille,Thomas,1653,0,5,http://www.theatre-classique.fr/pages/documents/CORNEILLET_CHARMEDELAVOIX.xml,8,39,42,"[[ 1  1]
 [ 2 22]
 [ 3 13]
 [ 4  3]
 [ 5  2]
 [ 6  1]]",2.38,52.38,47.62,45.24,14.722,0.992,4,9.524,673,1881,0.358,1655,1660
F_52,La Belle plaideuse,Boisrobert,François Le Métel de,1654,0,5,,18,36,36,"[[ 2 10]
 [ 3 10]
 [ 4 11]
 [ 5  2]
 [ 6  1]
 [ 7  1]
 [ 8  1]]",0.0,27.78,72.22,72.22,4.591,1.404,3,8.333,,,,1655,1660
F_56,Les Illustres ennemis        ,Corneille,Thomas,1654,0,5,http://www.theatre-classique.fr/pages/documents/CORNEILLET_ILLUSTRESENNEMIS.xml,15,37,41,"[[ 1  4]
 [ 2 25]
 [ 3  9]
 [ 4  1]
 [ 5  2]]",9.76,60.98,39.02,29.27,13.537,0.868,3,7.317,605,1987,0.304,1655,1660
F_45,L'Eunuque,La Fontaine,Jean de,1654,0,5,http://www.theatre-classique.fr/pages/documents/LAFONTAINE_EUNUQUE.xml,16,31,32,"[[ 1  9]
 [ 2 12]
 [ 3  4]
 [ 4  4]
 [ 5  1]
 [ 7  1]
 [ 8  1]]",28.12,37.5,62.5,34.38,3.958,1.677,7,21.875,708,1864,0.38,1655,1660
F_49,Les Généreux Ennemis,Boisrobert,François Le Métel de,1654,0,5,,16,38,39,"[[ 1  2]
 [ 2 20]
 [ 3  8]
 [ 4  8]
 [ 5  1]]",5.13,51.28,48.72,43.59,5.128,0.947,9,23.077,,,,1655,1660
F_47,Le Parasite,Tristan L'Hermite,François,1654,0,5,http://www.theatre-classique.fr/pages/documents/TRISTAN_PARASITE.xml,11,31,34,"[[ 1  7]
 [ 2 12]
 [ 3  5]
 [ 4  5]
 [ 5  3]
 [ 6  2]]",20.59,35.29,64.71,44.12,2.549,1.461,2,5.882,770,1751,0.44,1655,1660
F_48,L'Amant indiscret ou le Maître étourdi ,Quinault ,Philippe,1654,0,5,http://www.xn--thtre-documentation-cvb0m.com/content/q-0?q=node/636,8,40,44,"[[ 1  1]
 [ 2 18]
 [ 3 14]
 [ 4  7]
 [ 5  2]
 [ 6  2]]",2.27,40.91,59.09,56.82,2.538,1.116,1,2.273,,,,1655,1660
F_50,Le Geôlier de soi-même ou Jodelet prince,Corneille,Thomas,1655,0,5,http://www.theatre-classique.fr/pages/documents/CORNEILLET_GEOLIERDESOISMEME.xml,16,33,39,"[[ 1  3]
 [ 2 18]
 [ 3  9]
 [ 4  7]
 [ 5  2]]",7.69,46.15,53.85,46.15,25.615,1.021,6,15.385,641,1850,0.346,1655,1660
F_46,Le Gardien de soi-même,Scarron,Paul,1655,0,5,http://www.theatre-classique.fr/pages/documents/SCARRON_GARDIENDESOIMEME.xml,14,32,52,"[[ 1 13]
 [ 2 20]
 [ 3 12]
 [ 4  3]
 [ 5  1]
 [ 6  2]
 [ 7  1]]",25.0,38.46,61.54,36.54,13.473,1.348,8,15.385,561,1786,0.314,1655,1660
F_51,Les Apparences trompeuses,Boisrobert,François Le Métel de,1655,0,5,,12,45,44,"[[ 1  1]
 [ 2 24]
 [ 3 12]
 [ 4  6]
 [ 7  1]]",2.27,54.55,45.45,43.18,6.288,1.002,7,15.909,,,,1655,1660
F_73,La Comédie sans comédie,Quinault,Phillippe,1655,1,5,http://www.theatre-classique.fr/pages/documents/QUINAULT_COMEDIESANSCOMEDIE.xml,35,38,42,"[[ 1  6]
 [ 2 19]
 [ 3 11]
 [ 4  2]
 [ 5  1]
 [ 6  3]]",14.29,45.24,54.76,40.48,14.887,1.275,4,9.524,644,1716,0.375,1655,1660
F_54,Le Marquis ridicule,Scarron,Paul,1656,0,5,http://www.theatre-classique.fr/pages/documents/SCARRON_MARQUISRIDICULE.xml,10,24,37,"[[ 1  5]
 [ 2 16]
 [ 3  4]
 [ 4  5]
 [ 5  5]
 [ 6  1]
 [ 9  1]]",13.51,43.24,56.76,43.24,22.387,1.692,3,8.108,637,1654,0.385,1660,1660
F_57,Le Campagnard,Gillet de la Tessonnerie,N.,1657,0,5,http://www.theatre-classique.fr/pages/documents/GILLET_CAMPAGNARD.xml,11,25,27,"[[0 1]
 [1 2]
 [2 7]
 [3 7]
 [4 3]
 [5 4]
 [6 3]]",7.41,25.93,74.07,62.96,10.295,1.595,3,11.111,699,1512,0.462,1660,1660
F_59,Les Soeurs jalouses,Lambert,,1658,0,5,,9,43,48,"[[ 1  5]
 [ 2 19]
 [ 3 13]
 [ 4  6]
 [ 5  2]
 [ 6  1]
 [ 7  1]
 [ 8  1]]",10.42,39.58,60.42,50.0,5.15,1.458,3,6.25,,,,1660,1660
F_64,L'Étourdi,Molière,,1658,0,5,http://www.theatre-classique.fr/pages/documents/MOLIERE_ETOURDI.xml,11,46,45,"[[ 1  4]
 [ 2 28]
 [ 3 10]
 [ 4  2]
 [ 6  1]]",8.89,62.22,37.78,28.89,0.0,0.865,5,11.111,695,2067,0.336,1660,1660
F_53,Le Dépit amoureux,Molière,,1658,0,5,http://www.theatre-classique.fr/pages/documents/MOLIERE_DEPITAMOUREUX.xml,12,34,36,"[[ 1  7]
 [ 2 17]
 [ 3  9]
 [ 4  2]
 [ 9  1]]",19.44,47.22,52.78,33.33,0.0,1.377,7,19.444,667,1796,0.371,1660,1660
F_60,Le Galant doublé,Corneille,Thomas,1660,0,5,http://www.theatre-classique.fr/pages/documents/CORNEILLET_GALANTDOUBLE.xml,10,34,33,"[[ 2 10]
 [ 3 12]
 [ 4  8]
 [ 5  1]
 [ 6  1]
 [ 8  1]]",0.0,30.3,69.7,69.7,5.0,1.28,3,9.091,724,1944,0.372,1660,1660
F_61,"La Roselie, ou le don Guillot",Dorimond,,1661,0,5,,13,34,34,"[[ 1  4]
 [ 2 13]
 [ 3  7]
 [ 4  5]
 [ 5  3]
 [ 6  1]
 [ 8  1]]",11.76,38.24,61.76,50.0,11.835,1.533,3,8.824,,,,1665,1670
F_63,L'École des femmes,Molière,,1662,0,5,http://www.theatre-classique.fr/pages/documents/MOLIERE_ECOLEDESFEMMES.xml,9,33,37,"[[ 1 12]
 [ 2 15]
 [ 3  6]
 [ 4  2]
 [ 5  2]]",32.43,40.54,59.46,27.03,9.887,1.085,0,0.0,556,1779,0.313,1665,1670
F_62,Le Riche mécontent,Chappuzeau,Samuel,1662,0,5,,9,31,31,"[[ 1  4]
 [ 2 15]
 [ 3  8]
 [ 4  2]
 [ 6  1]
 [ 8  1]]",12.9,48.39,51.61,38.71,6.975,1.409,3,9.677,,,,1665,1670
F_65,Le Mari sans femme,Montfleury,,1663,0,5,http://www.xn--thtre-documentation-cvb0m.com/content/m-0?q=node/621,12,50,52,"[[ 1  9]
 [ 2 23]
 [ 3 15]
 [ 4  4]
 [ 5  1]]",17.31,44.23,55.77,38.46,16.582,0.914,4,7.692,,,,1665,1670
F_66,Les Nicandres,Boursault,Edmé,1663,0,5,http://www.xn--thtre-documentation-cvb0m.com/content/boursault-edme?q=node/62,12,56,58,"[[ 1 11]
 [ 2 25]
 [ 3 10]
 [ 4  8]
 [ 5  1]
 [ 6  1]
 [ 8  1]
 [ 9  1]]",18.97,43.1,56.9,37.93,2.184,1.564,4,6.897,,,,1665,1670
F_68,Le Pédagogue amoureux,Chevalier ,,1665,0,5,http://www.theatre-classique.fr/pages/documents/CHEVALIER_PEDAGOGUEAMOUREUX.xml,13,45,45,"[[ 1  9]
 [ 2 18]
 [ 3 12]
 [ 4  3]
 [ 5  1]
 [ 6  1]
 [ 8  1]]",20.0,40.0,60.0,40.0,7.331,1.36,12,26.667,512,1588,0.322,1665,1670
F_67,Les deux frères gémeaux,Boursault,Edmé,1665,0,5,http://www.theatre-classique.fr/pages/documents/BOURSAULT_DEUXFRERESGEMEAUX.xml,12,56,57,"[[ 1 10]
 [ 2 23]
 [ 3 11]
 [ 4  9]
 [ 5  1]
 [ 6  1]
 [ 8  2]]",17.54,40.35,59.65,42.11,2.417,1.502,4,7.018,935,1594,0.587,1665,1670
F_69,La Mère coquette,Quinault,Philippe,1665,0,5,http://www.theatre-classique.fr/pages/documents/QUINAULT_MERECOQUETTE.xml,8,32,35,"[[ 2 21]
 [ 3 12]
 [ 4  2]]",0.0,60.0,40.0,40.0,5.238,0.602,2,5.714,866,1687,0.513,1665,1670
F_71,L’École des filles,Montfleury,,1666,0,5,http://www.xn--thtre-documentation-cvb0m.com/content/m-0?q=node/624,7,55,58,"[[ 1  7]
 [ 2 28]
 [ 3 16]
 [ 4  5]
 [ 5  2]]",12.07,48.28,51.72,39.66,4.224,0.931,8,13.793,,,,1670,1670
F_70,Le Misanthrope,Molière,,1666,0,5,http://www.theatre-classique.fr/pages/documents/MOLIERE_MISANTHROPE.xml,11,22,20,"[[ 2 10]
 [ 3  6]
 [ 4  2]
 [ 7  1]
 [ 8  1]]",0.0,50.0,50.0,50.0,6.06,1.627,1,5.0,505,1812,0.279,1670,1670
F_72,Les Intrigues amoureuses,Gilbert,Gabriel,1666,0,5,,9,41,40,"[[ 1  7]
 [ 2 14]
 [ 3 13]
 [ 4  5]
 [ 6  1]]",17.5,35.0,65.0,47.5,3.899,1.072,3,7.5,,,,1670,1670
F_74,Le Baron d'Albikrac,Corneille,Thomas,1668,0,5,http://www.xn--thtre-documentation-cvb0m.com/content/le-baron-dalbikrac-thomas-corneille,8,40,40,"[[ 2 11]
 [ 3 15]
 [ 4  8]
 [ 5  5]
 [ 6  1]]",0.0,27.5,72.5,72.5,4.94,1.067,2,5.0,,,,1670,1670
F_75,L'Amant qui ne flatte point,Hauteroche ,"Noël Lebreton, sieur de",1668,0,5,http://www.xn--thtre-documentation-cvb0m.com/content/h-0?q=node/390,10,54,54,"[[ 1  6]
 [ 2 24]
 [ 3 15]
 [ 4  3]
 [ 5  2]
 [ 6  3]
 [ 8  1]]",11.11,44.44,55.56,44.44,8.142,1.407,6,11.111,,,,1670,1670
F_76,Le Tartuffe,Molière,,1669,0,5,http://www.theatre-classique.fr/pages/documents/MOLIERE_TARTUFFE.xml,14,31,31,"[[ 1  1]
 [ 2 17]
 [ 3  6]
 [ 4  1]
 [ 5  3]
 [ 6  2]
 [ 9  1]]",3.23,54.84,45.16,41.94,13.223,1.685,0,0.0,645,1962,0.329,1670,1670
F_77,La Femme juge et partie,Montfleury,,1669,0,5,http://www.xn--thtre-documentation-cvb0m.com/content/m-0?q=node/618,8,36,36,"[[ 1  6]
 [ 2 22]
 [ 3  7]
 [ 4  1]]",16.67,61.11,38.89,22.22,9.12,0.682,6,16.667,,,,1670,1670
F_40,La Comtesse d'Orgueil,Corneille,Thomas,1670,0,5,http://www.theatre-classique.fr/pages/documents/CORNEILLET_COMTESSEORGUEIL.xml,11,47,50,"[[ 2 16]
 [ 3 24]
 [ 4  7]
 [ 5  2]
 [ 6  1]]",0.0,32.0,68.0,68.0,9.548,0.894,3,6.0,1061,1862,0.57,1670,1670
F_80,Le Gentilhomme de Beauce,Montfleury,,1670,0,5,http://www.xn--thtre-documentation-cvb0m.com/content/m-0?q=node/620,8,54,55,"[[ 1 17]
 [ 2 26]
 [ 3 10]
 [ 4  2]]",30.91,47.27,52.73,21.82,8.364,0.796,6,10.909,,,,1670,1670
F_79,Les Pipeurs ou les Femmes coquettes ,Poisson,Raymond,1670,0,5,,12,45,42,"[[ 1  1]
 [ 2 20]
 [ 3 12]
 [ 4  3]
 [ 5  2]
 [ 6  3]
 [ 7  2]]",2.33,46.51,53.49,51.16,6.132,1.478,4,9.524,,,,1670,1670
F_78,Elomire Hypocondre ,Chalussay,Le Boulanger de ,1670,0,5,http://www.theatre-classique.fr/pages/documents/LEBOULANGERCHALUSSAY_ELOMIREHYPOCONDRE.xml,30,15,20,"[[ 1  2]
 [ 2 10]
 [ 3  3]
 [ 4  2]
 [ 5  1]
 [ 9  1]
 [17  1]]",10.0,50.0,50.0,40.0,26.764,3.543,3,15.0,533,1770,0.301,1670,1670
F_81,Le Mariage sans mariage,Marcel,,1671,0,5,,7,25,37,"[[ 0  2]
 [ 1  7]
 [ 2 14]
 [ 3 10]
 [ 4  1]
 [ 5  1]
 [ 6  2]]",18.92,37.84,62.16,37.84,12.162,1.337,4,10.811,,,,1675,1680
F_82,Les Femmes savantes,Molière,,1672,0,5,http://www.theatre-classique.fr/pages/documents/MOLIERE_FEMMESSAVANTES.xml,13,28,29,"[[ 1  1]
 [ 2 12]
 [ 3  5]
 [ 4  6]
 [ 5  1]
 [ 6  1]
 [ 7  2]
 [ 8  1]]",3.45,41.38,58.62,55.17,5.939,1.747,2,6.897,712,1813,0.393,1675,1680
F_83,La Fille capitaine,Montfleury,,1672,0,5,http://www.xn--thtre-documentation-cvb0m.com/content/m-0?q=node/619,8,60,61,"[[ 1 14]
 [ 2 23]
 [ 3 17]
 [ 4  5]
 [ 5  2]]",22.95,37.7,62.3,39.34,7.08,1.017,7,11.475,,,,1675,1680
F_84,Don César d'Avalos,Corneille,Thomas,1674,0,5,http://www.theatre-classique.fr/pages/documents/CORNEILLET_DOMCESARDAVALOS.xml,9,34,36,"[[ 1  1]
 [ 2 15]
 [ 3 11]
 [ 4  3]
 [ 5  3]
 [ 6  2]
 [ 7  1]]",2.78,41.67,58.33,55.56,4.722,1.373,3,8.333,909,1714,0.53,1675,1680
F_85,Le Comédien poète,Montfleury; Corneille,; Thomas,1674,0,5,,21,39,39,"[[ 1  3]
 [ 2 15]
 [ 3  7]
 [ 4  7]
 [ 5  5]
 [ 6  1]
 [ 7  1]]",7.69,38.46,61.54,53.85,14.646,1.421,4,10.256,,,,1675,1680
F_86,Crispin musicien,Hauteroche ,"Noël Lebreton, sieur de",1674,0,5,http://www.xn--thtre-documentation-cvb0m.com/content/h-0?q=node/386,17,85,85,"[[ 0  1]
 [ 1 16]
 [ 2 38]
 [ 3 19]
 [ 4  7]
 [ 5  2]
 [ 9  1]
 [12  1]]",18.82,44.71,55.29,35.29,13.0,1.598,4,4.706,,,,1675,1680
F_87,Trigaudin ou Martin Braillard,Montfleury,,1674,0,5,,9,51,50,"[[ 1 15]
 [ 2 24]
 [ 3  9]
 [ 4  2]]",30.0,48.0,52.0,22.0,7.983,0.799,3,6.0,,,,1675,1680
F_89,Le Festin de Pierre,Corneille,Thomas,1677,0,5,http://www.theatre-classique.fr/pages/documents/CORNEILLET_FESTINPIERRE.xml,18,35,35,"[[ 1  2]
 [ 2 16]
 [ 3 11]
 [ 4  6]]",5.71,45.71,54.29,48.57,8.857,0.835,1,2.857,816,1975,0.413,1680,1680
F_90,Crispin gentilhomme,Montfleury,,1677,0,5,http://www.xn--thtre-documentation-cvb0m.com/content/crispin-gentilhomme-montfleury,13,47,47,"[[ 1  7]
 [ 2 22]
 [ 3 12]
 [ 4  2]
 [ 5  2]
 [ 6  1]
 [ 7  1]]",14.89,46.81,53.19,38.3,9.79,1.253,2,4.255,,,,1680,1680
F_92,La Dame médecin,Montfleury,,1678,0,5,,10,43,44,"[[ 1  5]
 [ 2 23]
 [ 3  9]
 [ 4  3]
 [ 5  3]
 [ 6  1]]",11.36,52.27,47.73,36.36,9.686,1.138,6,13.636,,,,1680,1680
F_91,Les Nobles de Province,Hauteroche ,"Noël Lebreton, sieur de",1678,0,5,http://www.xn--thtre-documentation-cvb0m.com/content/h-0?q=node/388,19,75,76,"[[ 1 13]
 [ 2 29]
 [ 3 22]
 [ 4  7]
 [ 5  4]
 [ 9  1]]",17.11,38.16,61.84,44.74,14.081,1.281,4,5.263,,,,1680,1680
F_97,Le Parisien,Champmeslé,,1682,0,5,,11,49,58,"[[ 1 10]
 [ 2 22]
 [ 3 14]
 [ 4 10]
 [ 5  2]]",17.24,37.93,62.07,44.83,12.011,1.071,3,5.172,,,,1685,1690
F_95,Don Garcie De Navarre,Molière,,1682,0,5,http://www.theatre-classique.fr/pages/documents/MOLIERE_DOMGARCIEDENAVARRE.xml,8,29,30,"[[ 1  3]
 [ 2 20]
 [ 3  5]
 [ 4  2]]",10.0,66.67,33.33,23.33,0.0,0.702,8,26.667,279,1879,0.148,1685,1690
F_96,La Rapinière,Robbe,Jacques ,1683,0,5,http://www.theatre-classique.fr/pages/documents/BARQUEBOIS_RAPINIERE.xml,16,43,44,"[[ 1  3]
 [ 2 16]
 [ 3 17]
 [ 4  4]
 [ 5  1]
 [ 6  1]
 [ 7  2]]",6.82,36.36,63.64,56.82,4.905,1.318,5,11.364,824,1821,0.452,1685,1690
F_98,La Comédie sans titre ou Mercure galant,Boursault ,Edmé,1683,0,5,http://www.theatre-classique.fr/pages/documents/BOURSAULT_COMEDIESANSTITRE.xml,21,32,41,"[[ 1  7]
 [ 2 17]
 [ 3 10]
 [ 4  6]
 [ 5  1]]",17.07,41.46,58.54,41.46,11.614,1.013,0,0.0,,,,1685,1690
F_99,Ragotin ou le Roman comique        ,La Fontaine ,Jean de ,1684,0,5,http://www.theatre-classique.fr/pages/documents/LAFONTAINE_RAGOTIN.xml,22,65,66,"[[ 1 11]
 [ 2 27]
 [ 3 14]
 [ 4  5]
 [ 5  5]
 [ 6  1]
 [ 7  2]
 [ 8  1]]",16.67,40.91,59.09,42.42,14.348,1.543,4,6.061,634,1376,0.461,1685,1690
F_100,L'Esprit follet ou la Dame invisible ,Hauteroche ,"Noël Lebreton, sieur de",1684,1,5,http://www.xn--thtre-documentation-cvb0m.com/content/h-0?q=node/382,9,63,62,"[[ 0  2]
 [ 1  6]
 [ 2 38]
 [ 3 14]
 [ 5  1]
 [ 6  1]]",9.68,61.29,38.71,25.81,14.977,0.907,13,20.968,,,,1685,1690
F_102,Le Jaloux,Baron,,1687,0,5,http://www.xn--thtre-documentation-cvb0m.com/content/baron-michel?q=node/39,13,68,69,"[[ 1 21]
 [ 2 24]
 [ 3 16]
 [ 4  3]
 [ 5  5]]",30.43,34.78,65.22,34.78,17.591,1.144,3,4.348,,,,1690,1690
F_105,Les Fables d'Ésope,Boursault,Edmé,1690,0,5,http://www.xn--thtre-documentation-cvb0m.com/content/boursault-edme?q=node/60,20,29,33,"[[ 1  5]
 [ 2 16]
 [ 3 10]
 [ 4  1]
 [ 5  1]]",15.15,48.48,51.52,36.36,6.162,0.87,4,12.121,,,,1690,1690
F_104,Les Bourgeoises de qualité,Hauteroche ,"Noël Lebreton, sieur de",1690,0,5,http://www.xn--thtre-documentation-cvb0m.com/content/h-0?q=node/379,9,49,50,"[[ 1  2]
 [ 2 14]
 [ 3 18]
 [ 4 12]
 [ 5  4]]",4.0,28.0,72.0,68.0,11.333,0.999,0,0.0,,,,1690,1690
F_106,Phaéton,Boursault,Edmé,1691,0,5,http://www.xn--thtre-documentation-cvb0m.com/content/boursault-edme?q=node/66,15,34,35,"[[ 1  4]
 [ 2 20]
 [ 3  9]
 [ 4  2]]",11.43,57.14,42.86,31.43,12.83,0.731,2,5.714,,,,1695,1700
F_108,La Prude du temps ou Les Saturnales ,Palaprat,"Jean de, sieur de Bigo",1693,0,5,,13,51,52,"[[ 1  9]
 [ 2 23]
 [ 3 11]
 [ 4  4]
 [ 5  2]
 [ 7  2]
 [ 8  1]]",17.31,44.23,55.77,38.46,17.729,1.521,4,7.692,,,,1695,1700
F_107,Le Joueur,Regnard,Jean-François,1696,0,5,http://www.theatre-classique.fr/pages/documents/REGNARD_JOUEUR.xml,15,68,68,"[[ 1 17]
 [ 2 28]
 [ 3 12]
 [ 4  7]
 [ 5  3]
 [ 6  1]]",25.0,41.18,58.82,33.82,10.616,1.169,4,5.882,913,1824,0.501,1700,1700
F_305,Le Flatteur,Rousseau,Jean-Baptiste,1696,0,5,,8,38,49,"[[ 1 11]
 [ 2 23]
 [ 3 11]
 [ 4  1]
 [ 5  3]]",22.45,46.94,53.06,30.61,6.939,1.015,2,4.082,,,,1700,1700
F_111,Le Distrait,Regnard,Jean-François,1697,0,5,http://www.theatre-classique.fr/pages/documents/REGNARD_DISTRAIT.xml,9,65,64,"[[ 1 14]
 [ 2 28]
 [ 3 13]
 [ 4  7]
 [ 5  1]
 [ 8  1]]",21.88,43.75,56.25,34.38,10.357,1.202,2,3.125,721,1722,0.419,1700,1700
F_112,Les Enfants de Paris ou la Famille à la mode,Dancourt ,,1699,0,5,http://www.theatre-classique.fr/pages/documents/DANCOURT_ENFANTSDEPARIS.xml,11,60,60,"[[ 1  9]
 [ 2 27]
 [ 3 11]
 [ 4  5]
 [ 5  6]
 [ 6  2]]",15.0,45.0,55.0,40.0,8.462,1.303,2,3.333,995,2097,0.474,1700,1700
F_113,Démocrite amoureux,Regnard,Jean-François,1700,0,5,http://www.theatre-classique.fr/pages/documents/REGNARD_DEMOCRITE.xml,12,38,38,"[[ 1 10]
 [ 2 16]
 [ 3  5]
 [ 4  5]
 [ 5  1]
 [ 8  1]]",26.32,42.11,57.89,31.58,9.142,1.403,4,10.526,651,1651,0.394,1700,1700
F_114,Le Capricieux ou les Apparences trompeuses,Rousseau,Jean-Baptiste,1700,0,5,,8,33,37,"[[ 1 10]
 [ 2 16]
 [ 3  9]
 [ 5  1]
 [ 6  1]]",27.03,43.24,56.76,29.73,3.604,1.078,2,5.405,,,,1700,1700
F_115,L'Andrienne,Baron,,1703,0,5,http://www.xn--thtre-documentation-cvb0m.com/content/baron-michel?q=node/38,13,50,52,"[[ 1 13]
 [ 2 22]
 [ 3 14]
 [ 4  3]]",25.0,42.31,57.69,32.69,10.064,0.855,3,5.769,,,,1705,1710
F_118,Adelphes ou L'École des pères,Baron,,1705,1,5,http://www.xn--thtre-documentation-cvb0m.com/content/baron-michel?q=node/41,14,53,53,"[[ 1 16]
 [ 2 25]
 [ 3  8]
 [ 4  1]
 [ 5  2]
 [ 9  1]]",30.19,47.17,52.83,22.64,6.061,1.332,5,9.434,,,,1705,1710
F_117,Les Ménechmes ou les Jumeaux        ,Regnard,Jean-François,1705,0,5,http://www.theatre-classique.fr/pages/documents/REGNARD_MENECHMES.xml,12,37,37,"[[ 1  6]
 [ 2 15]
 [ 3 10]
 [ 4  3]
 [ 6  2]
 [ 8  1]]",16.22,40.54,59.46,43.24,5.656,1.474,3,8.108,708,1961,0.361,1705,1710
F_119,La Trahison Punie,Dancourt,,1707,0,5,http://www.theatre-classique.fr/pages/documents/DANCOURT_TRAHISONPUNIE.xml,12,61,62,"[[ 1  9]
 [ 2 22]
 [ 3 19]
 [ 4  7]
 [ 5  1]
 [ 6  2]
 [ 7  2]]",14.52,35.48,64.52,50.0,7.755,1.358,5,8.065,1104,1746,0.632,1710,1710
F_116,Le Légataire Universel,Regnard,Jean-François,1708,0,5,http://www.theatre-classique.fr/pages/documents/REGNARD_LEGATAIRE.xml,12,49,49,"[[ 1  4]
 [ 2 19]
 [ 3 18]
 [ 4  3]
 [ 5  3]
 [ 6  2]]",8.16,38.78,61.22,53.06,9.971,1.152,2,4.082,776,1875,0.414,1710,1710
F_120,Madame Artus,Dancourt,,1708,0,5,http://www.theatre-classique.fr/pages/documents/DANCOURT_MADAMEARTUS.xml,10,47,47,"[[ 1  7]
 [ 2 18]
 [ 3 13]
 [ 4  4]
 [ 5  4]
 [ 7  1]]",14.89,38.3,61.7,46.81,6.862,1.276,3,6.383,851,1770,0.481,1710,1710
F_121,Le Jaloux désabusé ,Campistron,Jean Galbert de,1709,0,5,http://www.xn--thtre-documentation-cvb0m.com/content/campistron-jean-galbert-de?q=node/110,9,37,38,"[[ 1  8]
 [ 2 19]
 [ 3  3]
 [ 4  5]
 [ 5  2]
 [ 7  1]]",21.05,50.0,50.0,28.95,6.703,1.33,1,2.632,,,,1710,1710
F_122,Le Curieux impertinent ,Néricault Destouches,,1710,0,5,http://www.xn--thtre-documentation-cvb0m.com/content/le-curieux-impertinent-destouches,9,47,51,"[[ 1 10]
 [ 2 27]
 [ 3  7]
 [ 4  6]
 [ 7  1]]",19.61,52.94,47.06,27.45,4.902,1.104,2,3.922,,,,1710,1710
F_123,Sancho Pança Gouverneur,Dancourt,,1712,1,5,http://www.theatre-classique.fr/pages/documents/DANCOURT_SANCHO.xml,26,49,47,"[[ 1  6]
 [ 2  7]
 [ 3 12]
 [ 4 10]
 [ 5  7]
 [ 6  2]
 [ 7  1]
 [ 8  2]]",12.77,14.89,85.11,72.34,25.884,1.724,2,4.255,877,2014,0.435,1715,1720
F_124,L’Ingrat,Néricault Destouches,,1712,0,5,http://www.xn--thtre-documentation-cvb0m.com/content/l%E2%80%99ingrat-destouches,10,38,40,"[[ 1  6]
 [ 2 16]
 [ 3  8]
 [ 4  6]
 [ 5  1]
 [ 6  1]
 [ 8  2]]",15.0,40.0,60.0,45.0,6.093,1.641,2,5.0,,,,1715,1720
F_125,L’Irrésolu,Néricault Destouches,,1713,0,5,http://www.xn--thtre-documentation-cvb0m.com/content/l%E2%80%99irr%C3%A9solu-destouches,10,53,56,"[[ 1 13]
 [ 2 24]
 [ 3 11]
 [ 4  6]
 [ 5  2]]",23.21,42.86,57.14,33.93,4.97,1.047,2,3.571,,,,1715,1720
F_126,Le Médisant,Néricault Destouches,,1715,0,5,http://www.xn--thtre-documentation-cvb0m.com/content/le-m%C3%A9disant-destouches.,14,57,64,"[[ 1 14]
 [ 2 31]
 [ 3 12]
 [ 4  4]
 [ 5  2]
 [ 7  1]]",21.88,48.44,51.56,29.69,10.186,1.121,4,6.25,,,,1715,1720
F_128,La Réconciliation Normande        ,Du Fresny,Charles ,1719,0,5,http://www.theatre-classique.fr/pages/documents/DUFRESNY_RECONCILIATIONNORMANDE.xml,10,49,51,"[[ 1  8]
 [ 2 21]
 [ 3 16]
 [ 4  3]
 [ 5  2]
 [ 7  1]]",15.69,41.18,58.82,43.14,6.993,1.144,2,3.922,774,1503,0.515,1720,1720
F_303,"La Famille ridicule, comédie messine",Bouy; Fétiq,,1720,0,5,,10,50,50,"[[ 0  1]
 [ 1  8]
 [ 2 33]
 [ 3  6]
 [ 4  2]]",16.0,66.0,34.0,16.0,6.667,0.721,11,22.0,,,,1720,1720
F_129,L'Impatient,Boissy,Louis de,1724,0,5,,12,44,47,"[[ 1 12]
 [ 2 23]
 [ 3 11]
 [ 5  1]]",25.53,48.94,51.06,25.53,5.395,0.824,2,4.255,,,,1725,1730
F_130,Le Philosophe marié,Néricault Destouches,,1727,0,5,http://www.xn--thtre-documentation-cvb0m.com/content/le-philosophe-mari%C3%A9-destouches.,9,49,49,"[[ 1 13]
 [ 2 19]
 [ 3  9]
 [ 4  3]
 [ 5  2]
 [ 6  1]
 [ 7  1]
 [ 8  1]]",26.53,38.78,61.22,34.69,3.946,1.553,2,4.082,,,,1730,1730
F_131,Les Fils ingrats ou L'École des Pères,Piron,Alexis,1728,0,5,http://www.theatre-classique.fr/pages/documents/PIRON_ECOLEPERES.xml,10,57,65,"[[ 1 15]
 [ 2 21]
 [ 3 14]
 [ 4 12]
 [ 5  1]
 [ 6  1]
 [ 8  1]]",23.08,32.31,67.69,44.62,11.169,1.348,2,3.077,839,2047,0.41,1730,1730
F_133,Les Philosophes amoureux,Néricault Destouches,,1729,0,5,http://www.xn--thtre-documentation-cvb0m.com/content/les-philosophes-amoureux-destouches,11,44,47,"[[ 1 15]
 [ 2 17]
 [ 3  8]
 [ 4  4]
 [ 6  1]
 [ 7  2]]",31.91,36.17,63.83,31.91,6.658,1.46,4,8.511,,,,1730,1730
F_134,L'Impertinent malgré lui,Boissy,Louis de,1729,0,5,http://www.xn--thtre-documentation-cvb0m.com/content/limpertinent-malgr%C3%A9-lui-louis-de-boissy,9,44,46,"[[ 1 11]
 [ 2 21]
 [ 3 11]
 [ 4  3]]",23.91,45.65,54.35,30.43,3.986,0.85,3,6.522,,,,1730,1730
F_135,Le Faux Sincère,Du Fresny,Charles ,1731,0,5,http://www.theatre-classique.fr/pages/documents/DUFRESNY_FAUXSINCERE.xml,11,49,51,"[[ 1  9]
 [ 2 25]
 [ 3  6]
 [ 4  6]
 [ 5  4]
 [ 6  1]]",17.65,49.02,50.98,33.33,6.116,1.243,3,5.882,701,1781,0.394,1735,1740
F_137,Le Glorieux,Néricault Destouches,,1732,0,5,http://www.theatre-classique.fr/pages/documents/NERICAULT_GLORIEUX.xml,12,50,50,"[[ 1 10]
 [ 2 23]
 [ 3 13]
 [ 4  2]
 [ 5  1]
 [ 6  1]]",20.0,46.0,54.0,34.0,2.886,1.021,2,4.0,1039,2139,0.486,1735,1740
F_138,Le Préjugé à la mode,Nivelle de la Chaussée,Pierre Claude,1735,0,5,http://www.theatre-classique.fr/pages/documents/NIVELLE_PREJUGEALAMODE.xml,10,50,52,"[[ 1 18]
 [ 2 22]
 [ 3  7]
 [ 4  1]
 [ 5  2]
 [ 6  2]]",34.62,42.31,57.69,23.08,7.853,1.229,2,3.846,745,1814,0.411,1735,1740
F_139,L'Amitié rivale ,Fagan ,Barthélemy-Christophe,1735,0,5,http://www.xn--thtre-documentation-cvb0m.com/content/l%E2%80%99amiti%C3%A9-rivale-de-l%E2%80%99amour-christophe-barth%C3%A9l%C3%A9my-fagan-de-lugny,9,44,48,"[[ 1 13]
 [ 2 22]
 [ 3  6]
 [ 4  5]
 [ 5  1]
 [ 8  1]]",27.08,45.83,54.17,27.08,8.09,1.299,4,8.333,,,,1735,1740
F_140,Les ayeux chimériques ou la comtesse de Critognac,Rousseau,Jean-Baptiste,1735,0,5,,11,28,31,"[[ 1  1]
 [ 2 12]
 [ 3 10]
 [ 4  6]
 [ 5  2]]",3.23,38.71,61.29,58.06,12.312,0.975,3,9.677,,,,1735,1740
F_141,La Feinte inutile,Romagnesi,Jean-Antoine,1735,0,5,,12,50,72,"[[ 1 13]
 [ 2 31]
 [ 3 13]
 [ 4  8]
 [ 5  6]
 [ 7  1]]",18.06,43.06,56.94,38.89,9.19,1.269,11,15.278,,,,1735,1740
F_142,L'Enfant prodigue,Voltaire,,1736,0,5,http://www.theatre-classique.fr/pages/documents/VOLTAIRE_ENFANTPRODIGUE.xml,10,30,31,"[[ 1  2]
 [ 2 14]
 [ 3 11]
 [ 4  2]
 [ 5  1]
 [ 7  1]]",6.45,45.16,54.84,48.39,5.914,1.147,2,6.452,568,1806,0.315,1740,1740
F_146,"La Prétendue veuve, ou L'époux magicie, translation of The drummer, or The haunted house by Joseph Addison ",Descazeaux Des Granges,,1737,0,5,,10,45,47,"[[ 1 14]
 [ 2 22]
 [ 3  6]
 [ 4  5]]",29.79,46.81,53.19,23.4,3.582,0.922,4,8.511,,,,1740,1740
F_144,Les Deux nièces,Boissy,Louis de,1737,0,5,http://www.xn--thtre-documentation-cvb0m.com/content/les-deux-ni%C3%A8ces-louis-de-boissy,7,38,38,"[[ 1 13]
 [ 2 21]
 [ 3  3]
 [ 5  1]]",34.21,55.26,44.74,10.53,3.772,0.79,2,5.263,,,,1740,1740
F_143,L'École des amis,Nivelle de la Chaussée,Pierre Claude ,1737,0,5,http://www.theatre-classique.fr/pages/documents/NIVELLE_ECOLEDESAMIS.xml,8,57,59,"[[ 1 18]
 [ 2 33]
 [ 3  5]
 [ 4  2]
 [ 5  1]]",30.51,55.93,44.07,13.56,7.627,0.817,1,1.695,855,1886,0.453,1740,1740
F_145,L'Ambitieux et l'Indiscrète,Néricault Destouches,,1737,0,5,http://www.xn--thtre-documentation-cvb0m.com/content/l%E2%80%99ambitieux-et-l%E2%80%99indiscr%C3%A8te-destouches,11,54,56,"[[ 1 21]
 [ 2 22]
 [ 3  8]
 [ 4  4]
 [ 5  1]]",37.5,39.29,60.71,23.21,10.901,0.981,3,5.357,,,,1740,1740
F_147,La Métromanie,Piron,Alexis,1738,0,5,http://www.theatre-classique.fr/pages/documents/PIRON_METROMANIE.xml,7,45,50,"[[ 1 13]
 [ 2 26]
 [ 3 11]]",26.0,52.0,48.0,22.0,4.633,0.692,5,10.0,969,2297,0.422,1740,1740
F_148,Les Dehors trompeurs,Boissy,Louis de,1740,0,5,http://www.theatre-classique.fr/pages/documents/BOISSY_DEHORSTROMPEURS.xml,9,49,49,"[[ 1  9]
 [ 2 27]
 [ 3 11]
 [ 4  1]
 [ 6  1]]",18.37,55.1,44.9,26.53,9.388,0.889,2,4.082,764,1929,0.396,1740,1740
F_136,L'Homme du Jour,Boissy,Louis de,1740,0,5,http://www.theatre-classique.fr/pages/documents/BOISSY_HOMMEDUJOUR.xml,9,50,50,"[[ 1  9]
 [ 2 27]
 [ 3 12]
 [ 4  1]
 [ 6  1]]",18.0,54.0,46.0,28.0,7.5,0.887,2,4.0,769,1924,0.4,1740,1740
F_150,Mélanide,Nivelle de la Chaussée,Pierre Claude ,1741,0,5,http://www.xn--thtre-documentation-cvb0m.com/content/m%C3%A9lanide-pierre-claude-nivelle-de-la-chauss%C3%A9e,7,29,29,"[[ 1 10]
 [ 2 15]
 [ 3  2]
 [ 4  2]]",34.48,51.72,48.28,13.79,2.299,0.819,2,6.897,,,,1745,1750
F_151,Paméla,Nivelle de la Chaussée,Pierre Claude ,1743,0,5,http://www.xn--thtre-documentation-cvb0m.com/content/pam%C3%A9la-pierre-claude-nivelle-de-la-chauss%C3%A9e,7,39,42,"[[ 1 12]
 [ 2 24]
 [ 3  5]
 [ 5  1]]",28.57,57.14,42.86,14.29,8.333,0.781,3,7.143,,,,1745,1750
F_153,L'École des mères,Nivelle de la Chaussée,Pierre Claude ,1744,0,5,http://www.theatre-classique.fr/pages/documents/NIVELLE_ECOLEMERES.xml,13,44,46,"[[ 1  5]
 [ 2 25]
 [ 3 10]
 [ 4  4]
 [ 5  1]
 [ 6  1]]",10.87,54.35,45.65,34.78,3.696,1.014,3,6.522,951,2021,0.471,1745,1750
F_154,L'Embarras du choix,Boissy,Louis de,1744,0,5,http://www.xn--thtre-documentation-cvb0m.com/content/l%E2%80%99embarras-du-choix-louis-de-boissy,8,48,47,"[[ 1 10]
 [ 2 22]
 [ 3  8]
 [ 4  5]
 [ 5  1]
 [ 6  1]]",21.28,46.81,53.19,31.91,10.0,1.113,4,8.511,,,,1745,1750
F_155,Le Médecin par occasion,Boissy ,Louis de,1745,0,5,http://www.theatre-classique.fr/pages/documents/BOISSY_MEDECINPAROCCASION.xml,7,42,42,"[[ 1  5]
 [ 2 23]
 [ 3  8]
 [ 4  3]
 [ 5  2]
 [ 6  1]]",11.9,54.76,45.24,33.33,10.317,1.095,2,4.762,640,1560,0.41,1745,1750
F_157,Le Méchant ,Gresset,Jean-Baptiste,1747,0,5,,9,47,56,"[[ 1 14]
 [ 2 36]
 [ 3  3]
 [ 4  1]
 [ 5  2]]",25.0,64.29,35.71,10.71,7.27,0.833,6,10.714,,,,1750,1750
F_158,La Prude,Voltaire,,1747,0,5,http://www.xn--thtre-documentation-cvb0m.com/content/v-0?q=node/1048.,9,41,49,"[[ 1  3]
 [ 2 24]
 [ 3 16]
 [ 4  4]
 [ 5  1]
 [ 6  1]]",6.12,48.98,51.02,44.9,7.59,0.948,1,2.041,,,,1750,1750
F_156,La Gouvernante,Nivelle de la Chaussée,Pierre Claude,1747,0,5,http://www.theatre-classique.fr/pages/documents/NIVELLE_GOUVERNANTE.xml,7,38,40,"[[ 1  8]
 [ 2 21]
 [ 3 10]
 [ 5  1]]",20.0,52.5,47.5,27.5,2.458,0.812,5,12.5,747,1665,0.449,1750,1750
F_159,L'École de la jeunesse ou le Retour sur soi-même,Nivelle de la Chaussée,Pierre Claude ,1749,0,5,http://www.xn--thtre-documentation-cvb0m.com/content/l%E2%80%99%C3%A9cole-de-la-jeunesse-pierre-claude-nivelle-de-la-chauss%C3%A9e,10,36,36,"[[ 1  5]
 [ 2 17]
 [ 3 10]
 [ 4  2]
 [ 7  2]]",13.89,47.22,52.78,38.89,11.782,1.323,1,2.778,,,,1750,1750
F_160,Les faux amis démasqués,Autreau,Jacques ,1749,0,5,,15,58,60,"[[ 1  9]
 [ 2 34]
 [ 3 11]
 [ 4  5]
 [ 6  1]]",15.0,56.67,43.33,28.33,8.936,0.929,6,10.0,,,,1750,1750
F_161,La Force du naturel,Néricault Destouches,,1750,0,5,http://www.xn--thtre-documentation-cvb0m.com/content/la-force-du-naturel-destouches.,10,46,47,"[[ 1 11]
 [ 2 22]
 [ 3  9]
 [ 4  3]
 [ 5  1]
 [ 7  1]]",23.4,46.81,53.19,29.79,3.865,1.157,3,6.383,,,,1750,1750
F_162,L’Homme de fortune,Nivelle de la Chaussée,Pierre Claude ,1751,0,5,http://www.xn--thtre-documentation-cvb0m.com/content/l%E2%80%99homme-de-fortune-pierre-claude-nivelle-de-la-chauss%C3%A9e,8,34,38,"[[ 1 10]
 [ 2 18]
 [ 3  6]
 [ 4  3]
 [ 5  1]]",26.32,47.37,52.63,26.32,10.351,0.978,2,5.263,,,,1755,1760
F_163,La Femme qui ne parle point ou l'hypocondre ,Rousseau,Jean-Baptiste,1751,0,5,,17,31,34,"[[ 1  5]
 [ 2 12]
 [ 3  7]
 [ 4  2]
 [ 5  3]
 [ 6  3]
 [ 8  1]
 [ 9  1]]",14.71,35.29,64.71,50.0,12.928,1.977,2,5.882,,,,1755,1760
F_164,Le Dissipateur,Néricault Destouches,,1753,0,5,http://www.xn--thtre-documentation-cvb0m.com/content/le-dissipateur-destouches.,15,50,54,"[[ 1  8]
 [ 2 25]
 [ 3 14]
 [ 4  3]
 [ 5  1]
 [ 6  2]
 [11  1]]",14.81,46.3,53.7,38.89,5.45,1.593,3,5.556,,,,1755,1760
F_165,La Coquette corrigée,La Noue,Jean-Baptiste,1757,0,5,,9,49,49,"[[ 1 12]
 [ 2 26]
 [ 3 10]
 [ 4  1]]",24.49,53.06,46.94,22.45,10.374,0.728,0,0.0,,,,1760,1760
F_166,L’Archi-menteur ou le vieux fou dupé,Néricault Destouches,,1757,0,5,http://www.xn--thtre-documentation-cvb0m.com/content/l%E2%80%99archi-menteur-destouches,8,47,47,"[[ 1  4]
 [ 2 17]
 [ 3 14]
 [ 4  8]
 [ 5  2]
 [ 6  2]]",8.51,36.17,63.83,55.32,7.199,1.185,1,2.128,,,,1760,1760
F_167,Le Mari confident,Néricault Destouches,,1758,0,5,http://www.xn--thtre-documentation-cvb0m.com/content/le-mari-confident-destouches.,6,43,44,"[[ 1  7]
 [ 2 19]
 [ 3 14]
 [ 4  4]]",15.91,43.18,56.82,40.91,4.621,0.851,0,0.0,,,,1760,1760
F_170,Les Méprises ou le Rival par ressemblance,Palissot de Montenoy,Charles,1762,0,5,,10,43,46,"[[ 1  6]
 [ 2 23]
 [ 3 10]
 [ 4  5]
 [ 6  2]]",13.04,50.0,50.0,36.96,9.767,1.118,3,6.522,,,,1765,1770
F_169,L'Écueil du sage ou Le Droit du seigneur,Voltaire,,1762,0,5,http://www.theatre-classique.fr/pages/documents/VOLTAIRE_DROITDUSEIGNEUR.xml,12,36,39,"[[ 1  8]
 [ 2 16]
 [ 3  5]
 [ 4  4]
 [ 5  3]
 [ 6  2]
 [ 7  1]]",20.51,41.03,58.97,38.46,6.667,1.555,2,5.128,645,1958,0.329,1765,1770
F_172,Le Bienfait rendu ou le Négociant,Dampierre de la Salle,,1763,0,5,,12,36,39,"[[ 1  6]
 [ 2 14]
 [ 3 10]
 [ 4  7]
 [ 5  2]]",15.38,35.9,64.1,48.72,13.419,1.1,3,7.692,,,,1765,1770
F_173,L’Homme singulier,Néricault Destouches,,1764,0,5,http://www.xn--thtre-documentation-cvb0m.com/content/l%E2%80%99homme-singulier-destouches,10,45,46,"[[ 1  7]
 [ 2 22]
 [ 3 12]
 [ 4  4]
 [ 5  1]]",15.22,47.83,52.17,36.96,6.775,0.914,2,4.348,,,,1765,1770
F_174,Le Jeune homme,Bastide ,Jean-François de,1766,0,5,,6,36,42,"[[ 1 17]
 [ 2 17]
 [ 3  6]
 [ 4  2]]",40.48,40.48,59.52,19.05,1.984,0.843,2,4.762,,,,1770,1770
F_175,L'homme de cour,Chauveau,,1767,0,5,,20,53,91,"[[ 1 23]
 [ 2 49]
 [ 3 12]
 [ 4  3]
 [ 5  3]
 [ 7  1]]",25.27,53.85,46.15,20.88,27.206,1.038,6,6.593,,,,1770,1770
F_176,Les Deux frères ou la Prévention vaincue,Moissy,Alexandre-Guillaume de,1768,0,5,,8,29,31,"[[ 1  4]
 [ 2 15]
 [ 3  5]
 [ 4  3]
 [ 5  2]
 [ 6  2]]",12.9,48.39,51.61,38.71,2.366,1.353,6,19.355,,,,1770,1770
F_179,La fille petit maître,Ch***,,1769,0,5,,9,30,31,"[[ 1  4]
 [ 2 14]
 [ 3  5]
 [ 4  6]
 [ 5  1]
 [ 8  1]]",12.9,45.16,54.84,41.94,5.789,1.419,3,9.677,,,,1770,1770
F_177,Le Dépositaire,Voltaire,,1769,0,5,http://www.theatre-classique.fr/pages/documents/VOLTAIRE_DEPOSITAIRE.xml,10,29,30,"[[ 1  4]
 [ 2 14]
 [ 3  6]
 [ 4  3]
 [ 5  1]
 [ 7  2]]",13.33,46.67,53.33,40.0,8.147,1.487,3,10.0,761,1691,0.45,1770,1770
F_306,L'Andrienne,Baron,,1769,1,5,,11,44,47,"[[ 1 10]
 [ 2 20]
 [ 3 13]
 [ 4  4]]",21.28,42.55,57.45,36.17,4.397,0.88,4,8.511,,,,1770,1770
F_178,"L'Andrienne, comédie en 5 actes, mise en vers libres",Collé,Charles,1769,1,5,,12,41,44,"[[ 1  8]
 [ 2 23]
 [ 3  9]
 [ 4  4]]",18.18,52.27,47.73,29.55,6.97,0.842,2,4.545,,,,1770,1770
F_180,La Piété filiale,Courtial,,1769,0,5,,8,34,34,"[[ 1 11]
 [ 2 12]
 [ 3  8]
 [ 4  2]
 [ 6  1]]",32.35,35.29,64.71,32.35,6.373,1.115,4,11.765,,,,1770,1770
F_181,"L'Esprit follet ou la Dame invisible, mise en vers libres",Collé, Charles,1770,1,5,,10,50,61,"[[ 1 12]
 [ 2 33]
 [ 3 13]
 [ 4  2]
 [ 5  1]]",19.67,54.1,45.9,26.23,14.407,0.819,12,19.672,,,,1770,1770
F_182,Les Soupçons,Patrat,Joseph,1770,0,5,,13,67,69,"[[ 1 16]
 [ 2 26]
 [ 3 21]
 [ 4  5]
 [ 9  1]]",23.19,37.68,62.32,39.13,3.524,1.198,5,7.246,,,,1770,1770
F_183,Le protecteur bourgeois ou la confiance trahie,Bret,Antoine,1772,0,5,,7,48,49,"[[ 1 16]
 [ 2 24]
 [ 3  6]
 [ 4  3]]",32.65,48.98,51.02,18.37,1.837,0.829,3,6.122,,,,1775,1780
F_185,Le Célibataire,Dorat,Claude-Joseph,1775,0,5,http://www.theatre-classique.fr/pages/documents/DORAT_CELIBATAIRE.xml,10,45,47,"[[ 1 13]
 [ 2 26]
 [ 3  4]
 [ 4  2]
 [ 5  1]
 [ 6  1]]",27.66,55.32,44.68,17.02,4.078,1.031,4,8.511,820,1924,0.426,1775,1780
F_186,Le Malheureux imaginaire,Dorat,Claude-Joseph,1776,0,5,,10,44,46,"[[ 1 14]
 [ 2 24]
 [ 3  5]
 [ 4  2]
 [ 7  1]]",30.43,52.17,47.83,17.39,9.239,1.063,3,6.522,,,,1780,1780
F_187,L'Égoïsme,Cailhava D'Estendoux,Jean-François ,1778,0,5,http://www.theatre-classique.fr/pages/documents/CAILHAVA_EGOISME.xml,12,54,53,"[[ 1 11]
 [ 2 26]
 [ 3 10]
 [ 4  4]
 [ 7  2]]",20.75,49.06,50.94,30.19,6.619,1.24,4,7.547,737,1487,0.496,1780,1780
F_188,L'Homme personnel,Barthe,Nicolas-Thomas,1778,0,5,,12,46,56,"[[ 1 18]
 [ 2 24]
 [ 3 12]
 [ 6  1]
 [ 8  1]]",32.14,42.86,57.14,25.0,11.019,1.208,5,8.929,,,,1780,1780
F_189,Richard et D'Erlet,Desforges,,1778,0,5,,7,42,46,"[[ 1 15]
 [ 2 22]
 [ 3  8]
 [ 5  1]]",32.61,47.83,52.17,19.57,5.217,0.83,2,4.348,,,,1780,1780
F_190,Roséïde ou l'Intrigant,Dorat,Claude-Joseph,1779,0,5,,10,42,44,"[[ 1 11]
 [ 2 26]
 [ 3  7]]",25.0,59.09,40.91,15.91,2.424,0.633,6,13.636,,,,1780,1780
F_191,"Le Financier, comédie en cinq actes et en vers",Delon,,1779,0,5,,14,44,46,"[[ 1 14]
 [ 2 28]
 [ 3  3]
 [ 4  1]]",30.43,60.87,39.13,8.7,6.775,0.647,12,26.087,,,,1780,1780
F_193,"Merlin bel-esprit , comédie en cinq actes et en vers",Dorat,Claude-Joseph,1780,0,5,,16,41,41,"[[ 1  4]
 [ 2 19]
 [ 3  8]
 [ 4  1]
 [ 5  3]
 [ 6  3]
 [ 7  2]
 [ 9  1]]",9.76,46.34,53.66,43.9,12.293,1.866,5,12.195,,,,1780,1780
F_194,Le Jaloux sans amour,Imbert,Barthélemy,1781,0,5,,9,59,63,"[[ 1 24]
 [ 2 29]
 [ 3  9]
 [ 5  1]]",38.1,46.03,53.97,15.87,5.82,0.794,2,3.175,,,,1785,1790
F_197,Tom Jones à Londres,Desforges,,1782,0,5,,17,57,75,"[[ 1 13]
 [ 2 33]
 [ 3 16]
 [ 4 10]
 [ 5  2]
 [ 6  1]]",17.33,44.0,56.0,38.67,17.222,1.086,6,8.0,,,,1785,1790
F_195,Le Flatteur,Lantier,Étienne François de,1782,0,5,,10,77,81,"[[ 1 23]
 [ 2 38]
 [ 3 13]
 [ 4  5]
 [ 5  1]
 [ 6  1]]",28.4,46.91,53.09,24.69,7.213,0.996,2,2.469,,,,1785,1790
F_198,Le Suborneur,Billard-Dumonceau,Edme ,1782,0,5,,7,39,42,"[[ 1 10]
 [ 2 15]
 [ 3 10]
 [ 4  4]
 [ 5  2]
 [ 7  1]]",23.81,35.71,64.29,40.48,4.365,1.295,3,7.143,,,,1785,1790
F_196,Le Vieux garçon,Dubuisson,Pierre-Ulric,1782,0,5,,10,31,35,"[[ 1  9]
 [ 2 15]
 [ 3  7]
 [ 4  2]
 [ 5  1]
 [ 6  1]]",25.71,42.86,57.14,31.43,5.667,1.155,5,14.286,,,,1785,1790
F_200,Le Séducteur,Bièvre,Marquis de ,1783,0,5,http://www.theatre-classique.fr/pages/documents/BIEVRE_SEDUCTEUR.xml,11,38,43,"[[ 1  8]
 [ 2 21]
 [ 3 10]
 [ 4  2]
 [ 6  1]
 [ 7  1]]",18.6,48.84,51.16,32.56,2.644,1.199,3,6.977,698,1907,0.366,1785,1790
F_202,Le Jaloux,Rochon de Chabannes,Marc-Antoine-Jacques,1784,0,5,,8,54,55,"[[ 0  1]
 [ 1 14]
 [ 2 25]
 [ 3 12]
 [ 4  2]
 [ 6  1]]",25.45,45.45,54.55,27.27,13.312,0.988,4,7.273,,,,1785,1790
F_302,Les deux frères ,de Rochefort,Guillaume Dubois ,1785,0,5,,9,55,55,"[[ 1 12]
 [ 2 28]
 [ 3 12]
 [ 4  2]
 [ 6  1]]",21.82,50.91,49.09,27.27,10.606,0.923,4,7.273,,,,1785,1790
F_201,La Comtesse de Chazelle,Montesson,Madame de,1785,0,5,,12,41,46,"[[ 1 10]
 [ 2 25]
 [ 3  9]
 [ 4  1]
 [ 6  1]]",21.74,54.35,45.65,23.91,9.702,0.914,2,4.348,,,,1785,1790
F_203,La Femme jalouse,Desforges,,1785,0,5,,10,44,52,"[[ 1  7]
 [ 2 20]
 [ 3 12]
 [ 4  7]
 [ 5  3]
 [ 7  2]
 [ 8  1]]",13.46,38.46,61.54,48.08,9.817,1.537,4,7.692,,,,1785,1790
F_204,Le Méfiant,Borel,,1786,0,5,,11,54,57,"[[ 1 16]
 [ 2 29]
 [ 3 10]
 [ 4  1]
 [ 5  1]]",28.07,50.88,49.12,21.05,4.678,0.827,4,7.018,,,,1790,1790
F_208,"Les Embarras du père de famille, Imitation libre du Théâtre Allemand",Boileau,Marie-Louis-Joseph,1787,1,5,,11,47,47,"[[ 1 10]
 [ 2 24]
 [ 3 10]
 [ 4  2]
 [ 5  1]]",21.28,51.06,48.94,27.66,8.485,0.875,4,8.511,,,,1790,1790
F_206,L'École des pères,Pieyre,Alexandre,1787,0,5,,9,63,66,"[[ 0  1]
 [ 1 26]
 [ 2 30]
 [ 3  7]
 [ 4  2]]",39.39,45.45,54.55,13.64,10.606,0.785,2,3.03,,,,1790,1790
F_207,"Tom Jones et Fellamar, suite de Tom Joncs à Londres",Desforges,,1787,0,5,,12,30,42,"[[ 1  8]
 [ 2 16]
 [ 3  6]
 [ 4  2]
 [ 5  7]
 [ 7  2]
 [ 8  1]]",19.05,38.1,61.9,42.86,13.988,1.791,3,7.143,,,,1790,1790
F_210,Le Faux noble,Chabanon,Michel Paul Guy de ,1788,0,5,http://www.theatre-classique.fr/pages/documents/CHABANON_FAUXNOBLE.xml,17,56,56,"[[ 1 15]
 [ 2 28]
 [ 3  8]
 [ 4  2]
 [ 5  2]
 [ 6  1]]",26.79,50.0,50.0,23.21,9.312,1.07,6,10.714,713,1652,0.432,1790,1790
F_211,L'Optimiste ou l'Homme content de tout ,Collin d’Harleville,Jean-François,1788,0,5,,11,66,67,"[[ 1 10]
 [ 2 32]
 [ 3 17]
 [ 4  4]
 [ 5  3]
 [ 7  1]]",14.93,47.76,52.24,37.31,5.373,1.109,3,4.478,,,,1790,1790
F_212,La Belle-mère ou les Dangers d'un second mariage,Vigée,Louis-Jean-Baptiste-Étienne,1788,0,5,,10,42,42,"[[ 1 13]
 [ 2 22]
 [ 3  5]
 [ 4  1]
 [ 6  1]]",30.95,52.38,47.62,16.67,4.167,0.95,5,11.905,,,,1790,1790
F_213,Les Châteaux en Espagne ,Collin d’Harleville,Jean-François,1789,0,5,,8,52,55,"[[ 1 11]
 [ 2 28]
 [ 3 13]
 [ 4  2]
 [ 5  1]]",20.0,50.91,49.09,29.09,2.727,0.848,3,5.455,,,,1790,1790
F_235,"L'Homme À Sentiments ou Le Tartuffe de moeurs, imitée en partie de The School for Scandal de Shéridan",Chéron de la Bruyére ,,1789,1,5,http://www.theatre-classique.fr/pages/documents/CHERON_HOMMEABONNESFORTUNES.xml,9,53,59,"[[ 1 17]
 [ 2 28]
 [ 3 12]
 [ 4  1]
 [ 5  1]]",28.81,47.46,52.54,23.73,1.715,0.844,3,5.085,976,1835,0.532,1790,1790
F_214,L'Homme d'état imaginaire,Cubières-Palmézeaux,Michel de ,1789,0,5,,24,56,55,"[[ 1 12]
 [ 2 24]
 [ 3 13]
 [ 4  4]
 [ 5  1]
 [ 7  1]]",21.82,43.64,56.36,34.55,10.842,1.126,3,5.455,,,,1790,1790
F_216,Le Philinte de Molière,Fabre d'Églantine,,1790,0,5,http://www.theatre-classique.fr/pages/documents/FABREDEGLANTINE_PHILINTEDEMOLIERE.xml,11,40,43,"[[ 1  9]
 [ 2 20]
 [ 3 11]
 [ 4  2]
 [ 6  1]]",20.93,46.51,53.49,32.56,13.411,0.984,0,0.0,602,1807,0.333,1790,1790
F_217,Le Présomptueux ou l'Heureux imaginaire,Fabre d'Églantine,,1790,0,5,,8,45,46,"[[ 1 13]
 [ 2 24]
 [ 3  7]
 [ 4  1]
 [ 6  1]]",28.26,52.17,47.83,19.57,5.419,0.933,2,4.348,,,,1790,1790
F_218,Le Conciliateur ou l'Homme aimable,Demoustier,Charles-Albert,1791,0,5,,10,47,53,"[[ 1 11]
 [ 2 19]
 [ 3 11]
 [ 4  4]
 [ 5  2]
 [ 6  2]
 [ 7  1]
 [ 8  1]
 [ 9  2]]",20.75,35.85,64.15,43.4,5.194,1.968,5,9.434,,,,1795,1800
F_219,L'Intrigue épistolaire,Fabre d'Églantine,,1791,0,5,,9,48,50,"[[ 1 13]
 [ 2 26]
 [ 3  6]
 [ 4  2]
 [ 5  2]
 [ 7  1]]",26.0,52.0,48.0,22.0,9.805,1.172,1,2.0,,,,1795,1800
F_220,"L'Artiste patriote, ou la Vente des biens nationaux",Dupuis,Amable-Joseph,1791,0,5,,12,37,45,"[[ 1 12]
 [ 2 19]
 [ 3  6]
 [ 4  5]
 [ 5  1]
 [ 6  2]]",26.67,42.22,57.78,31.11,12.84,1.282,5,11.111,,,,1795,1800
F_221,Le Vieux célibataire ,Collin d’Harleville,Jean-François,1792,0,5,,13,57,59,"[[ 1 13]
 [ 2 21]
 [ 3 17]
 [ 4  6]
 [ 6  1]
 [ 7  1]]",22.03,35.59,64.41,42.37,3.898,1.196,2,3.39,,,,1795,1800
F_223,L'Ami des lois,Laya,Jean-Louis,1793,0,5,,12,28,32,"[[ 1  4]
 [ 2 11]
 [ 3  9]
 [ 4  3]
 [ 5  5]]",12.5,34.38,65.62,53.12,21.019,1.236,2,6.25,,,,1795,1800
F_224,L'Avare fastueux,Reynier,L.,1794,0,5,,10,49,49,"[[ 1 15]
 [ 2 22]
 [ 3  9]
 [ 4  2]
 [ 6  1]]",30.61,44.9,55.1,24.49,2.959,0.989,5,10.204,,,,1795,1800
F_225,Paméla ou la Vertu récompensée,de Neufchâteau,Nicolas François,1795,0,5,,9,68,73,"[[ 1 22]
 [ 2 33]
 [ 3 13]
 [ 4  5]]",30.14,45.21,54.79,24.66,8.213,0.868,3,4.11,,,,1795,1800
F_226,Le tolérant ou La tolérance morale et religieuse,Demoustier,Charles-Albert,1795,0,5,,13,46,54,"[[ 1  9]
 [ 2 21]
 [ 3 11]
 [ 4  4]
 [ 5  4]
 [ 7  2]
 [ 8  2]
 [10  1]]",16.67,38.89,61.11,44.44,11.807,1.962,5,9.259,,,,1795,1800
F_228,Médiocre et rampant ou Le moyen de parvenir ,Picard,Louis-Benoît ,1797,0,5,,10,43,52,"[[ 1 11]
 [ 2 23]
 [ 3 11]
 [ 4  3]
 [ 5  1]
 [ 6  2]
 [ 7  1]]",21.15,44.23,55.77,34.62,3.48,1.321,4,7.692,,,,1800,1800
F_227,"Le misanthrope travesti, after Molière",Daubian,Josèp,1797,1,5,,11,22,26,"[[1 1]
 [2 9]
 [3 8]
 [4 2]
 [5 2]
 [6 2]
 [7 1]
 [8 1]]",3.85,34.62,65.38,61.54,6.827,1.734,1,3.846,,,,1800,1800
F_229,L'Entrée dans le monde,Picard,Louis-Benoît ,1798,0,5,,14,60,65,"[[ 1 10]
 [ 2 26]
 [ 3 15]
 [ 4  8]
 [ 5  4]
 [ 6  1]
 [ 7  1]]",15.38,40.0,60.0,44.62,7.859,1.282,3,4.615,,,,1800,1800
F_230,Les Précepteurs,Fabre d'Églantine,,1799,0,5,,12,48,51,"[[ 1 12]
 [ 2 24]
 [ 3  9]
 [ 4  3]
 [ 5  2]
 [ 6  1]]",23.53,47.06,52.94,29.41,9.412,1.117,3,5.882,,,,1800,1800
F_233,Le Démocrate désabusé ou la France en 1792,de Planard,Eugène ,1800,0,5,,14,50,53,"[[ 1  7]
 [ 2 23]
 [ 3 12]
 [ 4  6]
 [ 5  3]
 [ 6  1]
 [ 8  1]]",13.21,43.4,56.6,43.4,20.073,1.357,3,5.66,,,,1800,1800
F_232,Les Moeurs du jour ou Le Bon Frère,Collin d’Harleville,Jean-François,1800,0,5,,13,63,66,"[[ 1 11]
 [ 2 29]
 [ 3 18]
 [ 4  7]
 [ 5  1]]",16.67,43.94,56.06,39.39,2.172,0.932,4,6.061,,,,1800,1800
F_234,L'Ami de cour,Ancien militaire,,1801,0,5,,9,40,52,"[[ 0  1]
 [ 1 18]
 [ 2 22]
 [ 3  5]
 [ 4  5]
 [ 5  1]]",34.62,42.31,57.69,21.15,6.282,1.037,5,9.615,,,,1805,1810
F_236,"L'Auberge allemande, ou Le traître démasqué , comédie en cinq actes, en vers, imitée de l'allemand, par les citoyens*** et Chazel, père ",Dorvo,Hyacinthe,1801,1,5,,12,66,72,"[[ 1 18]
 [ 2 36]
 [ 3 11]
 [ 4  5]
 [ 5  2]]",25.0,50.0,50.0,25.0,12.596,0.957,1,1.389,,,,1805,1810
F_238,Le Mari ambitieux ou L'homme qui veut faire son chemin,Picard,Louis-Benoît ,1802,0,5,,11,51,61,"[[ 1  7]
 [ 2 26]
 [ 3 18]
 [ 4  8]
 [ 5  1]
 [ 6  1]]",11.48,42.62,57.38,45.9,15.792,1.017,1,1.639,,,,1805,1810
F_239,Les Viellard et Les Jeunes Gens,Collin d’Harleville,Jean-François,1803,0,5,,9,44,51,"[[ 1  8]
 [ 2 19]
 [ 3 11]
 [ 4  5]
 [ 5  5]
 [ 6  2]
 [ 7  1]]",15.69,37.25,62.75,47.06,6.814,1.455,3,5.882,,,,1805,1810
F_240,Le Trésor,Andrieux,François,1804,0,5,,11,45,48,"[[ 1  8]
 [ 2 19]
 [ 3 15]
 [ 4  2]
 [ 5  2]
 [ 9  1]
 [11  1]]",16.67,39.58,60.42,43.75,7.014,1.805,3,6.25,,,,1805,1810
F_242,Le Tyran domestique,Duval,Alexandre,1805,0,5,,9,49,56,"[[ 1 10]
 [ 2 22]
 [ 3 16]
 [ 4  5]
 [ 5  3]]",17.86,39.29,60.71,42.86,3.423,1.051,2,3.571,,,,1805,1810
F_243,La Vieille fille ,Triquet,C,1806,0,5,,13,51,54,"[[ 1 12]
 [ 2 24]
 [ 3 10]
 [ 4  3]
 [ 5  3]
 [ 6  2]]",22.22,44.44,55.56,33.33,8.33,1.253,1,1.852,,,,1810,1810
F_244,"Le Mari confiant, ou Confiance et naïveté",Bonafous,Paulin,1807,0,4,,9,43,44,"[[ 1 13]
 [ 2 18]
 [ 3  8]
 [ 4  2]
 [ 5  2]
 [ 7  1]]",29.55,40.91,59.09,29.55,0.284,1.259,2,4.545,,,,1810,1810
F_245,L'Assemblée de famille,Riboutté,François-Louis,1808,0,5,245_a,10,48,48,"[[ 1  8]
 [ 2 19]
 [ 3 11]
 [ 4  4]
 [ 5  3]
 [ 6  2]
 [ 9  1]]",16.67,39.58,60.42,43.75,3.093,1.564,2,4.167,,,,1810,1810
F_246,Les Capitulations de conscience ,Picard,Louis-Benoît ,1809,0,5,,14,45,55,"[[ 0  1]
 [ 1 10]
 [ 2 27]
 [ 3 10]
 [ 4  5]
 [ 5  2]]",18.18,49.09,50.91,30.91,9.069,1.031,3,5.455,,,,1810,1810
F_248,Les Deux gendres, Étienne,Charles-Guillaume,1810,0,5,248_b,12,60,62,"[[ 1  9]
 [ 2 27]
 [ 3 18]
 [ 4  6]
 [ 5  1]
 [ 7  1]]",14.52,43.55,56.45,41.94,7.621,1.073,3,4.839,,,,1810,1810
F_247,"Le Vieux fat, ou les Deux Vieillards ",Andrieux,François ,1810,0,5,,11,48,51,"[[ 1 11]
 [ 2 27]
 [ 3  8]
 [ 4  2]
 [ 5  2]
 [ 6  1]]",21.57,52.94,47.06,25.49,3.186,1.072,3,5.882,,,,1810,1810
F_249,Le Ministère anglais,Riboutté,François-Louis,1812,0,5,,10,43,45,"[[ 1 10]
 [ 2 15]
 [ 3  8]
 [ 4  3]
 [ 5  7]
 [ 6  1]
 [ 7  1]]",22.22,33.33,66.67,44.44,8.524,1.551,1,2.222,,,,1815,1820
F_252,"L'Intrigante, ou L'école des familles",Étienne,Charles-Guillaume,1813,0,5,,10,55,56,"[[ 1  7]
 [ 2 25]
 [ 3 16]
 [ 4  6]
 [ 5  1]
 [ 6  1]]",12.5,44.64,55.36,42.86,8.873,1.018,1,1.786,,,,1815,1820
F_250,Le Défiant,Dalban,Pierre Jean Baptiste,1813,0,5,,9,47,49,"[[ 1 13]
 [ 2 18]
 [ 3  9]
 [ 4  5]
 [ 5  4]]",26.53,36.73,63.27,36.73,10.005,1.207,3,6.122,,,,1815,1820
F_253,Le Méfiant,Leroy,Onésime,1813,0,5,,10,59,62,"[[ 1 19]
 [ 2 25]
 [ 3 10]
 [ 4  5]
 [ 5  2]
 [ 8  1]]",30.65,40.32,59.68,29.03,7.22,1.272,2,3.226,,,,1815,1820
F_251,"Les Adeptes, ou le Charlatanisme dévoilé",Poya,Pierre,1813,0,5,,15,43,47,"[[ 1  8]
 [ 2 22]
 [ 3 11]
 [ 4  3]
 [ 5  1]
 [ 6  2]]",17.02,46.81,53.19,36.17,10.501,1.162,6,12.766,,,,1815,1820
F_255,"L'Usurier anobli, ou les Moyens de purger sa réputation",Roux,,1816,0,5,,13,48,48,"[[ 1  7]
 [ 2 12]
 [ 3 12]
 [ 4 10]
 [ 5  3]
 [ 6  3]
 [ 9  1]]",14.58,25.0,75.0,60.42,13.065,1.61,4,8.333,,,,1820,1820
F_256, La Journée des dupes ou L'envie de parvenir ,Charlemagne,Jean-Armand,1816,0,5,,11,71,72,"[[ 1 16]
 [ 2 37]
 [ 3 12]
 [ 4  3]
 [ 5  2]
 [ 6  1]
 [ 7  1]]",22.22,51.39,48.61,26.39,17.523,1.149,3,4.167,,,,1820,1820
F_257,La Manie des Grandeurs,Duval,Alexandre,1817,0,5,,8,43,43,"[[ 1  7]
 [ 2 18]
 [ 3 12]
 [ 4  4]
 [ 5  2]]",16.28,41.86,58.14,41.86,0.969,1.018,2,4.651,,,,1820,1820
F_258,La Fille d'honneur,Duval,Alexandre,1818,0,5,,10,50,54,"[[ 1  9]
 [ 2 19]
 [ 3 15]
 [ 4  6]
 [ 5  2]
 [ 6  1]
 [ 7  1]
 [ 9  1]]",16.67,35.19,64.81,48.15,9.028,1.53,3,5.556,,,,1820,1820
F_259,"La Famille Glinet, ou Les premiers temps de la Ligue ",Merville,,1818,0,5,,11,57,60,"[[ 1  9]
 [ 2 12]
 [ 3 13]
 [ 4 11]
 [ 5  9]
 [ 6  3]
 [ 7  3]]",15.0,20.0,80.0,65.0,12.92,1.65,4,6.667,,,,1820,1820
F_260,Le Chevalier d'industrie,Duval,Alexandre,1818,0,5,,7,34,34,"[[ 1  8]
 [ 2 12]
 [ 3  8]
 [ 4  5]
 [ 5  1]]",23.53,35.29,64.71,41.18,0.588,1.085,1,2.941,,,,1820,1820
F_261,"Le Faux ami de cour, ou le Danger des liaisons",Michaud,L. G. ,1818,0,5,,11,33,35,"[[ 1  6]
 [ 2 17]
 [ 3  9]
 [ 4  3]]",17.14,48.57,51.43,34.29,10.095,0.84,5,14.286,,,,1820,1820
F_265,"L'Artiste ambitieux, ou l'Adoption",Théaulon,Emmanuel,1820,0,5,,12,39,47,"[[ 1  8]
 [ 2 18]
 [ 3 11]
 [ 4  5]
 [ 6  2]
 [ 7  1]
 [ 8  2]]",17.02,38.3,61.7,44.68,14.807,1.709,3,6.383,,,,1820,1820
F_264,Le Folliculaire,La Ville de Mirmon,Jean de,1820,0,5,,10,47,49,"[[ 1  8]
 [ 2 20]
 [ 3 12]
 [ 4  4]
 [ 5  3]
 [ 6  1]
 [ 7  1]]",16.33,40.82,59.18,42.86,7.374,1.322,4,8.163,,,,1820,1820
F_263,Le Flatteur,Gosse,Étienne,1820,0,5,,10,48,65,"[[ 1 13]
 [ 2 28]
 [ 3 11]
 [ 4  7]
 [ 5  1]
 [ 6  1]
 [ 7  2]
 [ 8  2]]",20.0,43.08,56.92,36.92,6.427,1.632,2,3.077,,,,1820,1820
F_262,Les Comédiens,Delavigne,Casimir,1820,0,5,http://www.theatre-classique.fr/pages/documents/DELAVIGNE_COMEDIENS.xml,14,51,55,"[[ 1 11]
 [ 2 23]
 [ 3 14]
 [ 4  1]
 [ 5  2]
 [ 6  4]
 [ 7  1]]",19.64,41.07,58.93,39.29,10.193,1.45,3,5.455,781,1677,0.466,1820,1820
F_266,Le Faux bonhomme,Duval,Alexandre,1821,0,5,,8,42,45,"[[ 1 14]
 [ 2 19]
 [ 3  6]
 [ 4  3]
 [ 5  3]]",31.11,42.22,57.78,26.67,6.481,1.134,0,0.0,,,,1825,1830
F_268,L'Amour et l'ambition,Riboutté, François-Louis,1822,0,5,,10,39,41,"[[ 1  8]
 [ 2 16]
 [ 3  8]
 [ 4  3]
 [ 5  4]
 [ 6  1]
 [ 8  1]]",19.51,39.02,60.98,41.46,3.136,1.537,1,2.439,,,,1825,1830
F_267,Les quatres âges,Merville,,1822,0,5,,14,40,46,"[[ 1  6]
 [ 2 16]
 [ 3 13]
 [ 4  6]
 [ 5  3]
 [ 6  2]]",13.04,34.78,65.22,52.17,4.601,1.267,3,6.522,,,,1825,1830
F_269,L'École des vieillards,Delavigne,Casimir,1823,0,5,,8,37,43,"[[ 1 11]
 [ 2 20]
 [ 3 10]
 [ 4  1]
 [ 5  1]]",25.58,46.51,53.49,27.91,2.519,0.884,2,4.651,,,,1825,1830
F_270,L’Éducation ou les deux Cousine,Bonjour,Casimir,1823,0,5,,12,57,62,"[[ 1 12]
 [ 2 18]
 [ 3 17]
 [ 4  6]
 [ 5  5]
 [ 6  2]
 [ 7  2]]",19.35,29.03,70.97,51.61,9.731,1.501,3,4.839,,,,1825,1830
F_271,Une intrigue de bureau,Roucher,J.F.,1823,0,5,,8,49,56,"[[ 1 17]
 [ 2 21]
 [ 3 11]
 [ 4  4]
 [ 5  2]
 [ 6  1]]",30.36,37.5,62.5,32.14,11.849,1.161,4,7.143,,,,1825,1830
F_272,"Le Mari à bonnes fortunes, ou La Leçon",Bonjour,Casimir,1824,0,5,,8,59,65,"[[ 1 28]
 [ 2 25]
 [ 3  6]
 [ 4  3]
 [ 5  3]]",43.08,38.46,61.54,18.46,7.615,1.054,6,9.231,,,,1825,1830
F_273,Luxe et indigence ou le ménage parisien,Epagny,Violet d',1824,0,5,,10,49,54,"[[ 1 10]
 [ 2 18]
 [ 3 19]
 [ 4  3]
 [ 5  1]
 [ 6  3]]",18.52,33.33,66.67,48.15,7.169,1.227,6,11.111,,,,1825,1830
F_274,Constance ou l'indifférence vaincue,Princeteau,Th.,1824,0,5,,13,39,46,"[[ 0  1]
 [ 1 10]
 [ 2 19]
 [ 3  7]
 [ 4  4]
 [ 5  2]
 [ 7  1]
 [ 8  2]]",21.74,41.3,58.7,34.78,6.328,1.728,4,8.696,,,,1825,1830
F_276,Le Roman,La Ville de Mirmont,Jean de,1825,0,5,,10,50,57,"[[ 1 12]
 [ 2 27]
 [ 3 14]
 [ 4  2]
 [ 6  1]
 [ 8  1]]",21.05,47.37,52.63,31.58,3.655,1.196,3,5.263,,,,1825,1830
F_275,L'Héritage,Mennechet, Édouard,1825,0,5,,10,44,52,"[[ 1  8]
 [ 2 27]
 [ 3 13]
 [ 4  1]
 [ 5  1]
 [ 6  1]
 [ 7  1]]",15.38,51.92,48.08,32.69,10.737,1.144,4,7.692,,,,1825,1830
F_277,L'Indiscret,Théaulon,Emmanuel,1825,0,5,,10,47,56,"[[ 1 13]
 [ 2 25]
 [ 3 10]
 [ 4  4]
 [ 5  4]]",23.21,44.64,55.36,32.14,11.438,1.117,4,7.143,,,,1825,1830
F_278,L’Argent ou les Moeurs du Jour,Bonjour,Casimir,1826,0,5,,12,63,66,"[[ 1 16]
 [ 2 25]
 [ 3 13]
 [ 4  6]
 [ 5  1]
 [ 6  3]
 [ 8  2]]",24.24,37.88,62.12,37.88,11.585,1.568,2,3.03,,,,1830,1830
F_279,"Les Jésuites, ou les autres Tartuffes ",Gosse,Étienne,1827,0,5,,28,51,86,"[[ 1 20]
 [ 2 38]
 [ 3 17]
 [ 4  6]
 [ 5  3]
 [ 6  1]
 [15  1]]",23.26,44.19,55.81,32.56,18.182,1.735,5,5.814,,,,1830,1830
F_280," L'Homme habile, ou Tout pour parvenir",Epagny,Violet d',1827,0,5,,10,53,56,"[[ 1 10]
 [ 2 25]
 [ 3 10]
 [ 4  3]
 [ 5  3]
 [ 6  2]
 [ 7  2]
 [ 8  1]]",17.86,44.64,55.36,37.5,9.61,1.636,4,7.143,,,,1830,1830
F_304,Les Intrigans,Capuran,Louis-Benoit,1827,0,5,,9,35,42,"[[ 1 12]
 [ 2 18]
 [ 3 10]
 [ 4  1]
 [ 5  1]]",28.57,42.86,57.14,28.57,4.167,0.91,3,7.143,,,,1830,1830
F_282,La Princesse Aurélie,Delavigne,Casimir,1828,0,5,,18,34,37,"[[ 1  9]
 [ 2 15]
 [ 3  7]
 [ 4  3]
 [ 5  1]
 [ 7  1]
 [16  1]]",24.32,40.54,59.46,35.14,6.658,2.545,2,5.405,,,,1830,1830
F_283,L'école de la jeunesse ou le sage de vingt ans,Drap-Arnaud,,1828,0,5,,11,59,63,"[[ 1 15]
 [ 2 27]
 [ 3 14]
 [ 4  5]
 [ 5  1]
 [ 6  1]]",23.81,42.86,57.14,33.33,4.63,1.054,1,1.587,,,,1830,1830
F_284,L'Original,Dalban,Pierre-Jean-Baptiste,1830,0,5,,13,51,53,"[[ 1  7]
 [ 2 23]
 [ 3 13]
 [ 4  4]
 [ 5  2]
 [ 6  2]
 [ 7  1]
 [ 9  1]]",13.21,43.4,56.6,43.4,6.15,1.565,2,3.774,,,,1830,1830
F_285,Le Presbytère,Bonjour,Casimir,1833,0,5,,10,69,72,"[[ 1 17]
 [ 2 30]
 [ 3 11]
 [ 4  2]
 [ 5  7]
 [ 6  2]
 [ 7  1]
 [ 8  2]]",23.61,41.67,58.33,34.72,10.951,1.671,3,4.167,,,,1835,1840
F_281,La Popularité,Delavigne,Casimir,1838,0,5,,18,47,51,"[[ 1  7]
 [ 2 20]
 [ 3 11]
 [ 4  9]
 [ 5  3]
 [ 6  1]]",13.73,39.22,60.78,47.06,5.353,1.196,0,0.0,,,,1840,1840
F_288,L'école du commerce,Grille,François-Joseph,1838,0,5,,24,45,47,"[[ 1  7]
 [ 2 21]
 [ 3  7]
 [ 4  7]
 [ 5  4]
 [ 6  1]]",14.89,44.68,55.32,40.43,11.829,1.262,3,6.383,,,,1840,1840
F_289,Le Ménestrel,Bernay,Camille,1838,0,5,,17,59,67,"[[ 1 15]
 [ 2 27]
 [ 3 11]
 [ 4  9]
 [ 5  4]
 [ 7  1]]",22.39,40.3,59.7,37.31,21.163,1.273,6,8.955,,,,1840,1840
F_291,Le Ver rongeur,Grille,François-Joseph,1839,0,5,,23,71,73,"[[ 0  1]
 [ 1 11]
 [ 2 33]
 [ 3 18]
 [ 4  8]
 [ 5  2]]",15.07,45.21,54.79,38.36,9.11,1.0,8,10.959,,,,1840,1840
F_290,L'école des journalistes,Girardin,Delphine de,1839,0,5,,26,42,49,"[[ 1 12]
 [ 2 20]
 [ 3 10]
 [ 4  1]
 [ 5  2]
 [ 7  2]
 [ 9  1]
 [12  1]]",24.49,40.82,59.18,34.69,4.167,2.123,4,8.163,,,,1840,1840
F_293,Molière a Chambord,Desportes,Auguste,1843,0,4,,22,25,26,"[[ 1  3]
 [ 2 18]
 [ 3  2]
 [ 5  2]
 [10  1]]",11.54,69.23,30.77,19.23,11.76,1.76,2,7.692,,,,1845,1850
F_294,Le Bachelier de Ségovie ou Les Hautes Études,Bonjour,Casimir,1844,0,5,,15,59,67,"[[ 1 14]
 [ 2 31]
 [ 3 12]
 [ 4  3]
 [ 5  3]
 [ 6  2]
 [ 7  1]
 [ 8  1]]",20.9,46.27,53.73,32.84,26.66,1.459,4,5.97,,,,1845,1850
F_296,L'Intrigue électorale,Saugeon,J.M.M.,1846,0,4,,16,38,42,"[[ 1  9]
 [ 2 19]
 [ 3  5]
 [ 4  7]
 [ 6  1]
 [ 7  1]]",21.43,45.24,54.76,33.33,11.035,1.331,3,7.143,,,,1850,1850
F_295,L'Univers et la maison,Mery,Joseph,1846,0,5,,13,40,51,"[[ 1  9]
 [ 2 24]
 [ 3 11]
 [ 4  3]
 [ 5  2]
 [ 6  2]]",17.65,47.06,52.94,35.29,15.058,1.192,2,3.922,,,,1850,1850
F_301,La séduction et l'amour vrai,Rey,Charles,1847,0,5,,13,58,59,"[[ 1 15]
 [ 2 31]
 [ 3  8]
 [ 5  2]
 [ 6  1]
 [ 7  2]]",25.42,52.54,47.46,22.03,7.099,1.329,4,6.78,,,,1850,1850
F_297,Le Bourgeois anobli ,Rey,Charles,1847,0,5,,10,66,67,"[[ 1 11]
 [ 2 31]
 [ 3 16]
 [ 4  4]
 [ 5  3]
 [ 6  1]
 [ 8  1]]",16.42,46.27,53.73,37.31,11.26,1.262,4,5.97,,,,1850,1850
F_298,La Course à l'héritage ,Viennet,Jean-Pons-Guillaume,1847,0,5,,11,60,65,"[[ 1 10]
 [ 2 23]
 [ 3 14]
 [ 4  5]
 [ 5  5]
 [ 6  4]
 [ 7  1]
 [ 8  2]
 [ 9  1]]",15.38,35.38,64.62,49.23,9.103,1.864,3,4.615,,,,1850,1850
F_300,Gabrielle,Augier,Émile,1849,0,5,http://www.xn--thtre-documentation-cvb0m.com/content/a-0?q=node/70,6,43,44,"[[ 1  5]
 [ 2 23]
 [ 3  8]
 [ 4  4]
 [ 5  4]]",11.36,52.27,47.73,36.36,1.515,1.097,3,6.818,,,,1850,1850
